Data	Codice	Nome	Home Gara	Home	Risultati	Versione Sigma	Status	Ultimo Aggiornamento
2024-01-05	REG34144	5° Campionato Nazionale “Befana Aics Indoor”	https://www.fidal.it/calendario/5-Campionato-Nazionale-“Befana-Aics-Indoor”/REG34144	https://www.fidal.it/risultati/2024/REG34144/Index.htm	https://www.fidal.it/risultati/2024/REG34144/Risultati/IndexRisultatiPerGara.html	Nuovo	ok	2024-03-17
2024-01-05	COD11716	Camp. Nazionali AICS Indoor	https://www.fidal.it/calendario/Camp--Nazionali-AICS-Indoor/COD11716	https://www.fidal.it/risultati/2024/COD11716/Index.htm	https://www.fidal.it/risultati/2024/COD11716/Risultati/IndexRisultatiPerGara.html	Nuovo	ok	2024-03-17
2024-01-05	COD11701	III^ Padova Pole Vault Convention	https://www.fidal.it/calendario/III^-Padova-Pole-Vault-Convention/COD11701	https://www.fidal.it/risultati/2024/COD11701/Index.htm	https://www.fidal.it/risultati/2024/COD11701/Risultati/IndexRisultatiPerGara.html	Nuovo	ok	2024-03-17
2024-01-06	REG33671	RIUNIONE REGIONALE DI LUNGO ASSOLUTI INDOOR	https://www.fidal.it/calendario/RIUNIONE-REGIONALE-DI-LUNGO-ASSOLUTI-INDOOR/REG33671	https://www.fidal.it/risultati/2024/REG33671/Index.htm	https://www.fidal.it/risultati/2024/REG33671/Risultati/IndexRisultatiPerGara.html	Nuovo	ok	2024-03-17
2024-01-06	REG34024	MEETING CARRARA INDOOR 1^ manifestazione	https://www.fidal.it/calendario/MEETING-CARRARA-INDOOR-1^-manifestazione/REG34024	https://www.fidal.it/risultati/2024/REG34024/Index.htm	https://www.fidal.it/risultati/2024/REG34024/RESULTSBYEVENT1.htm	Vecchio #2	ok	2024-03-17
2024-01-06	REG33658	MEETING ASSOLUTI INDOOR - APERTURA STAGIONE	https://www.fidal.it/calendario/MEETING-ASSOLUTI-INDOOR-APERTURA-STAGIONE/REG33658	https://www.fidal.it/risultati/2024/REG33658/Index.htm	https://www.fidal.it/risultati/2024/REG33658/Risultati/IndexRisultatiPerGara.html	Nuovo	ok	2024-03-17
2024-01-07	REG33592	ANNULLATA PARMA MEETING ASSOLUTO / GIOVANILE	https://www.fidal.it/calendario/ANNULLATA-PARMA-MEETING-ASSOLUTO-GIOVANILE/REG33592	https://www.fidal.it/risultati/2024/REG33592/Index.htm	https://www.fidal.it/risultati/2024/REG33592/Index.htm	Vecchissimo	ok	2024-03-17
2024-01-07	REG33997	RINV: 1^ Manifestazione Regionale Indoor	https://www.fidal.it/calendario/RINV-1^-Manifestazione-Regionale-Indoor/REG33997				Gara non esistente	2024-03-17
2024-01-07	REG34025	MEETING CARRARA INDOOR 2^ manifestazione	https://www.fidal.it/calendario/MEETING-CARRARA-INDOOR-2^-manifestazione/REG34025	https://www.fidal.it/risultati/2024/REG34025/Index.htm	https://www.fidal.it/risultati/2024/REG34025/RESULTSBYEVENT1.htm	Vecchio #2	ok	2024-03-17
2024-01-07	REG33660	MEETING NAZIONALE INDOOR ASSOLUTI	https://www.fidal.it/calendario/MEETING-NAZIONALE-INDOOR-ASSOLUTI/REG33660	https://www.fidal.it/risultati/2024/REG33660/Index.htm	https://www.fidal.it/risultati/2024/REG33660/Risultati/IndexRisultatiPerGara.html	Nuovo	ok	2024-03-17
2024-01-07	REG33659	MEETING GIOVANILE INDOOR - APERTURA STAGIONE INDOOR GIOVANILE	https://www.fidal.it/calendario/MEETING-GIOVANILE-INDOOR-APERTURA-STAGIONE-INDOOR-GIOVANILE/REG33659	https://www.fidal.it/risultati/2024/REG33659/Index.htm	https://www.fidal.it/risultati/2024/REG33659/Risultati/IndexRisultatiPerGara.html	Nuovo	ok	2024-03-17
2024-01-07	REG33674	RIUNIONE REGIONALE 60HS-60-TRIPLO A/J/P/ASS M/F INDOOR	https://www.fidal.it/calendario/RIUNIONE-REGIONALE-60HS-60-TRIPLO-A-J-P-ASS-M-F-INDOOR/REG33674	https://www.fidal.it/risultati/2024/REG33674/Index.htm	https://www.fidal.it/risultati/2024/REG33674/Risultati/IndexRisultatiPerGara.html	Nuovo	ok	2024-03-17
2024-01-07	REG33673	RIUNIONE REGIONALE 60HS-60-ALTO A/J/P/ASS M/F INDOOR	https://www.fidal.it/calendario/RIUNIONE-REGIONALE-60HS-60-ALTO-A-J-P-ASS-M-F-INDOOR/REG33673	https://www.fidal.it/risultati/2024/REG33673/Index.htm	https://www.fidal.it/risultati/2024/REG33673/Risultati/IndexRisultatiPerGara.html	Nuovo	ok	2024-03-17
2024-01-07	REG33675	RIUNIONE REGIONALE DI SALTO CON L'ASTA INDOOR - 2 TAPPA OUTDOOR POLE VAULT CIRCUIT	https://www.fidal.it/calendario/RIUNIONE-REGIONALE-DI-SALTO-CON-L-ASTA-INDOOR-2-TAPPA-OUTDOOR-POLE-VAULT/REG33675	https://www.fidal.it/risultati/2024/REG33675/Index.htm	https://www.fidal.it/risultati/2024/REG33675/Risultati/IndexRisultatiPerGara.html	Nuovo	ok	2024-03-17
2024-01-13	REG33760	SPOSTATA AL 14 GENNAIO - RIUNIONE REGIONALE DI ASTA E TRIPLO M CAD M INDOOR OPEN	https://www.fidal.it/calendario/SPOSTATA-AL-14-GENNAIO-RIUNIONE-REGIONALE-DI-ASTA-E-TRIPLO-M-CAD-M-INDOOR-OPEN/REG33760	https://www.fidal.it/risultati/2024/REG33760/Index.htm		Nuovo	Risultati non ancora disponibili	2024-03-17
2024-01-13	REG33868	Meeting Regionale Indoor Assoluto di apertura OPEN	https://www.fidal.it/calendario/Meeting-Regionale-Indoor-Assoluto-di-apertura-OPEN/REG33868	https://www.fidal.it/risultati/2024/REG33868/Index.htm	https://www.fidal.it/risultati/2024/REG33868/Risultati/IndexRisultatiPerGara.html	Nuovo	ok	2024-03-17
2024-01-13	REG34028	MEETING CARRARA INDOOR 3^ manifestazione	https://www.fidal.it/calendario/MEETING-CARRARA-INDOOR-3^-manifestazione/REG34028	https://www.fidal.it/risultati/2024/REG34028/Index.htm	https://www.fidal.it/risultati/2024/REG34028/RESULTSBYEVENT1.htm	Vecchio #2	ok	2024-03-17
2024-01-13	REG33676	CAMPIONATI REGIONALI INDIVIDUALI LUNGO ALLIEVE INDOOR NO OPEN - RIUNIONE REG. LUNGO J/P/ASS F INDOOR NO OPEN	https://www.fidal.it/calendario/CAMPIONATI-REGIONALI-INDIVIDUALI-LUNGO-ALLIEVE-INDOOR-NO-OPEN-RIUNIONE-REG-/REG33676	https://www.fidal.it/risultati/2024/REG33676/Index.htm	https://www.fidal.it/risultati/2024/REG33676/RESULTSBYEVENT1.htm	Vecchio #1	ok	2024-03-17
2024-01-13	REG33666	MEETING NAZIONALE INDOOR FESTIVAL PROVE	https://www.fidal.it/calendario/MEETING-NAZIONALE-INDOOR-FESTIVAL-PROVE/REG33666	https://www.fidal.it/risultati/2024/REG33666/Index.htm	https://www.fidal.it/risultati/2024/REG33666/Risultati/IndexRisultatiPerGara.html	Nuovo	ok	2024-03-17
2024-01-13	REG34127	"1° MEMORIAL ""VITTORIO SAVINO"" - ASC"	https://www.fidal.it/calendario/1-MEMORIAL-VITTORIO-SAVINO-ASC/REG34127	https://www.fidal.it/risultati/2024/REG34127/Index.htm	https://www.fidal.it/risultati/2024/REG34127/RESULTSBYEVENT1.htm	Vecchio #2	ok	2024-03-17
2024-01-13	REG33797	Campionato Regionale Individuale Indoor di PM Ci/e (1^prova Trofeo Invernale) + gare Assoluti	https://www.fidal.it/calendario/Campionato-Regionale-Individuale-Indoor-di-PM-Ci-e-(1^prova-Trofeo-Invernale)-+/REG33797	https://www.fidal.it/risultati/2024/REG33797/Index.htm	https://www.fidal.it/risultati/2024/REG33797/Risultati/IndexRisultatiPerGara.html	Nuovo	ok	2024-03-17
2024-01-13	REG34169	MEETING SALTI INDOOR OPEN	https://www.fidal.it/calendario/MEETING-SALTI-INDOOR-OPEN/REG34169	https://www.fidal.it/risultati/2024/REG34169/Index.htm	https://www.fidal.it/risultati/2024/REG34169/RESULTSBYEVENT1.htm	Vecchio #1	ok	2024-03-17
2024-01-13	REG34053	MEETING INDOOR PROMOZIONALE	https://www.fidal.it/calendario/MEETING-INDOOR-PROMOZIONALE/REG34053	https://www.fidal.it/risultati/2024/REG34053/Index.htm	https://www.fidal.it/risultati/2024/REG34053/RESULTSBYEVENT1.htm	Vecchio #2	ok	2024-03-17
2024-01-14	REG33681	RIUNIONE REGIONALE DI ASTA E TRIPLO F CAD F INDOOR OPEN	https://www.fidal.it/calendario/RIUNIONE-REGIONALE-DI-ASTA-E-TRIPLO-F-CAD-F-INDOOR-OPEN/REG33681	https://www.fidal.it/risultati/2024/REG33681/Index.htm	https://www.fidal.it/risultati/2024/REG33681/Risultati/IndexRisultatiPerGara.html	Nuovo	ok	2024-03-17
2024-01-14	REG33858	Aosta - Meeting Indoor di apertura	https://www.fidal.it/calendario/Aosta-Meeting-Indoor-di-apertura/REG33858	https://www.fidal.it/risultati/2024/REG33858/Index.htm	https://www.fidal.it/risultati/2024/REG33858/Risultati/IndexRisultatiPerGara.html	Nuovo	ok	2024-03-17
2024-01-14	REG33593	MODENA MEETING ASSOLUTO	https://www.fidal.it/calendario/MODENA-MEETING-ASSOLUTO/REG33593	https://www.fidal.it/risultati/2024/REG33593/Index.htm	https://www.fidal.it/risultati/2024/REG33593/Index.htm	Vecchissimo	ok	2024-03-17
2024-01-14	REG33839	1-2 MAN. REGIONALE INDOOR OPEN	https://www.fidal.it/calendario/1-2-MAN--REGIONALE-INDOOR-OPEN/REG33839	https://www.fidal.it/risultati/2024/REG33839/Index.htm	https://www.fidal.it/risultati/2024/REG33839/Risultati/IndexRisultatiPerGara.html	Nuovo	ok	2024-03-17
2024-01-14	REG33677	CAMPIONATI REGIONALI INDIVIDUALI LUNGO ALLIEVI INDOOR NO OPEN - RIUNIONE REG. LUNGO J/P/ASS M INDOOR NO OPEN	https://www.fidal.it/calendario/CAMPIONATI-REGIONALI-INDIVIDUALI-LUNGO-ALLIEVI-INDOOR-NO-OPEN-RIUNIONE-REG-/REG33677	https://www.fidal.it/risultati/2024/REG33677/Index.htm	https://www.fidal.it/risultati/2024/REG33677/RESULTSBYEVENT1.htm	Vecchio #2	ok	2024-03-17
2024-01-14	REG33680	RIUNIONE REGIONALE 60HS-60-ALTO A/J/P/ASS M/F INDOOR OPEN	https://www.fidal.it/calendario/RIUNIONE-REGIONALE-60HS-60-ALTO-A-J-P-ASS-M-F-INDOOR-OPEN/REG33680	https://www.fidal.it/risultati/2024/REG33680/Index.htm	https://www.fidal.it/risultati/2024/REG33680/Risultati/IndexRisultatiPerGara.html	Nuovo	ok	2024-03-17
2024-01-14	REG34234	"""Asta del centro Italia"""	https://www.fidal.it/calendario/-Asta-del-centro-Italia-/REG34234	https://www.fidal.it/risultati/2024/REG34234/Index.htm	https://www.fidal.it/risultati/2024/REG34234/Risultati/IndexRisultatiPerGara.html	Nuovo	ok	2024-03-17
2024-01-14	REG33667	MEETING GIOVANILE INDOOR - GIOVANILE	https://www.fidal.it/calendario/MEETING-GIOVANILE-INDOOR-GIOVANILE/REG33667	https://www.fidal.it/risultati/2024/REG33667/Index.htm	https://www.fidal.it/risultati/2024/REG33667/Risultati/IndexRisultatiPerGara.html	Nuovo	ok	2024-03-17
2024-01-14	REG34128	RIUNIONE REGIONALE INDOOR	https://www.fidal.it/calendario/RIUNIONE-REGIONALE-INDOOR/REG34128	https://www.fidal.it/risultati/2024/REG34128/Index.htm	https://www.fidal.it/risultati/2024/REG34128/RESULTSBYEVENT1.htm	Vecchio #2	ok	2024-03-17
2024-01-14	REG34029	MEETING CARRARA INDOOR 4^ manifestazione	https://www.fidal.it/calendario/MEETING-CARRARA-INDOOR-4^-manifestazione/REG34029	https://www.fidal.it/risultati/2024/REG34029/Index.htm	https://www.fidal.it/risultati/2024/REG34029/RESULTSBYEVENT1.htm	Vecchio #2	ok	2024-03-17
2024-01-14	REG33668	MEETING ASSOLUTI INDOOR - FESTIVAL PROVE MULTIPLE	https://www.fidal.it/calendario/MEETING-ASSOLUTI-INDOOR-FESTIVAL-PROVE-MULTIPLE/REG33668	https://www.fidal.it/risultati/2024/REG33668/Index.htm	https://www.fidal.it/risultati/2024/REG33668/Risultati/IndexRisultatiPerGara.html	Nuovo	ok	2024-03-17
2024-01-14	REG33752	1^ PROVA MANIFESTAZIONE INDOOR	https://www.fidal.it/calendario/1^-PROVA-MANIFESTAZIONE-INDOOR/REG33752	https://www.fidal.it/risultati/2024/REG33752/Index.htm	https://www.fidal.it/risultati/2024/REG33752/Index.htm	Vecchissimo	ok	2024-03-17
2024-01-17	REG33703	MEETING NAZIONALE INDOOR INFRASETTIMANALE - Giornata della marcia	https://www.fidal.it/calendario/MEETING-NAZIONALE-INDOOR-INFRASETTIMANALE-Giornata-della-marcia/REG33703	https://www.fidal.it/risultati/2024/REG33703/Index.htm	https://www.fidal.it/risultati/2024/REG33703/Risultati/IndexRisultatiPerGara.html	Nuovo	ok	2024-03-17
2024-01-20	REG34115	CAMPIONATI REGIONALI INDIVIDUALI LUNGO J/P/S M/F INDOOR NO OPEN	https://www.fidal.it/calendario/CAMPIONATI-REGIONALI-INDIVIDUALI-LUNGO-J-P-S-M-F-INDOOR-NO-OPEN/REG34115	https://www.fidal.it/risultati/2024/REG34115/Index.htm	https://www.fidal.it/risultati/2024/REG34115/RESULTSBYEVENT1.htm	Vecchio #1	ok	2024-03-17
2024-01-20	REG33685	CAMPIONATI REGIONALI IND.TRIPLO ALLIEVI/E INDOOR OPEN - RIUNIONE REGIONALE TRIPLO J/P/ASS TRIPLO INDOOR OPEN	https://www.fidal.it/calendario/CAMPIONATI-REGIONALI-IND-TRIPLO-ALLIEVI-E-INDOOR-OPEN-RIUNIONE-REGIONALE/REG33685	https://www.fidal.it/risultati/2024/REG33685/Index.htm	https://www.fidal.it/risultati/2024/REG33685/Risultati/IndexRisultatiPerGara.html	Nuovo	ok	2024-03-17
2024-01-20	REG34032	Fossano (CN) - Campionati piemontesi Assoluti/P/J/A Indoor - 1a giornata - approvazione Fidal Piemonte n. 32/indoor/2024	https://www.fidal.it/calendario/Fossano-(CN)-Campionati-piemontesi-Assoluti-P-J-A-Indoor-1a-giornata-/REG34032	https://www.fidal.it/risultati/2024/REG34032/Index.htm	https://www.fidal.it/risultati/2024/REG34032/Index.htm	Vecchissimo	ok	2024-03-17
2024-01-20	REG33761	MEETING NAZIONALE INDOOR ASSOLUTI	https://www.fidal.it/calendario/MEETING-NAZIONALE-INDOOR-ASSOLUTI/REG33761	https://www.fidal.it/risultati/2024/REG33761/Index.htm	https://www.fidal.it/risultati/2024/REG33761/Risultati/IndexRisultatiPerGara.html	Nuovo	ok	2024-03-17
2024-01-20	REG34054	MEETING INDOOR PROMOZIONALE	https://www.fidal.it/calendario/MEETING-INDOOR-PROMOZIONALE/REG34054	https://www.fidal.it/risultati/2024/REG34054/Index.htm	https://www.fidal.it/risultati/2024/REG34054/RESULTSBYEVENT1.htm	Vecchio #2	ok	2024-03-17
2024-01-20	REG34204	MEETING INDOOR SALTI ASSOLUTI valido come Campionato Toscano Assoluto e Promesse	https://www.fidal.it/calendario/MEETING-INDOOR-SALTI-ASSOLUTI-valido-come-Campionato-Toscano-Assoluto-e-Promesse/REG34204	https://www.fidal.it/risultati/2024/REG34204/Index.htm	https://www.fidal.it/risultati/2024/REG34204/RESULTSBYEVENT1.htm	Vecchio #2	ok	2024-03-17
2024-01-20	REG33596	MODENA CAMP. REG. INDOOR A/J/P	https://www.fidal.it/calendario/MODENA-CAMP--REG--INDOOR-A-J-P/REG33596	https://www.fidal.it/risultati/2024/REG33596/Index.htm	https://www.fidal.it/risultati/2024/REG33596/Index.htm	Vecchissimo	ok	2024-03-17
2024-01-20	COD11603	III^ Meeting Internazionale Memorial Alessio Giovannini	https://www.fidal.it/calendario/III^-Meeting-Internazionale-Memorial-Alessio-Giovannini/COD11603	https://www.fidal.it/risultati/2024/COD11603/Index.htm	https://www.fidal.it/risultati/2024/COD11603/Risultati/IndexRisultatiPerGara.html	Nuovo	ok	2024-03-17
2024-01-20	REG33595	PARMA MEETING GIOVANILE	https://www.fidal.it/calendario/PARMA-MEETING-GIOVANILE/REG33595	https://www.fidal.it/risultati/2024/REG33595/Index.htm	https://www.fidal.it/risultati/2024/REG33595/Index.htm	Vecchissimo	ok	2024-03-17
2024-01-20	REG34219	PD - 1 manif. Provinciale invernale	https://www.fidal.it/calendario/PD-1-manif--Provinciale-invernale/REG34219	https://www.fidal.it/risultati/2024/REG34219/Index.htm	https://www.fidal.it/risultati/2024/REG34219/Index.htm	Vecchissimo	ok	2024-03-17
2024-01-20	REG34212	CARRARA INDOOR 5 manifestazione	https://www.fidal.it/calendario/CARRARA-INDOOR-5-manifestazione/REG34212	https://www.fidal.it/risultati/2024/REG34212/Index.htm	https://www.fidal.it/risultati/2024/REG34212/RESULTSBYEVENT1.htm	Vecchio #2	ok	2024-03-17
2024-01-20	REG33686	ANNULLATA - RIUNIONE REGIONALE DI ASTA E LUNGO CADETTI M INDOOR OPEN	https://www.fidal.it/calendario/ANNULLATA-RIUNIONE-REGIONALE-DI-ASTA-E-LUNGO-CADETTI-M-INDOOR-OPEN/REG33686				Gara non esistente	2024-03-17
2024-01-21	REG33871	Campionati Regionali Indoor Juniores e Allievi	https://www.fidal.it/calendario/Campionati-Regionali-Indoor-Juniores-e-Allievi/REG33871	https://www.fidal.it/risultati/2024/REG33871/Index.htm	https://www.fidal.it/risultati/2024/REG33871/Risultati/IndexRisultatiPerGara.html	Nuovo	ok	2024-03-17
2024-01-21	REG34002	2^ Manifestazione Regionale Indoor	https://www.fidal.it/calendario/2^-Manifestazione-Regionale-Indoor/REG34002				Gara non esistente	2024-03-17
2024-01-21	REG33688	CAMPIONATI REGIONALI 60hs E 60 INDOOR J/P M/F INDOOR OPEN - CAMP.REG.IND. ALTO A/J/P/ASS M/F INDOOR OPEN	https://www.fidal.it/calendario/CAMPIONATI-REGIONALI-60hs-E-60-INDOOR-J-P-M-F-INDOOR-OPEN-CAMP-REG-IND--ALTO/REG33688	https://www.fidal.it/risultati/2024/REG33688/Index.htm	https://www.fidal.it/risultati/2024/REG33688/RESULTSBYEVENT1.htm	Vecchio #2	ok	2024-03-17
2024-01-21	REG33840	3-4 MAN. REGIONALE INDOOR OPEN	https://www.fidal.it/calendario/3-4-MAN--REGIONALE-INDOOR-OPEN/REG33840	https://www.fidal.it/risultati/2024/REG33840/Index.htm	https://www.fidal.it/risultati/2024/REG33840/Risultati/IndexRisultatiPerGara.html	Nuovo	ok	2024-03-17
2024-01-21	REG33694	MODENA MEETING GIOVANILE	https://www.fidal.it/calendario/MODENA-MEETING-GIOVANILE/REG33694	https://www.fidal.it/risultati/2024/REG33694/Index.htm	https://www.fidal.it/risultati/2024/REG33694/Index.htm	Vecchissimo	ok	2024-03-17
2024-01-21	REG33859	Aosta - Campionati Regionali Indoor Assoluti e Juniores - Open	https://www.fidal.it/calendario/Aosta-Campionati-Regionali-Indoor-Assoluti-e-Juniores-Open/REG33859	https://www.fidal.it/risultati/2024/REG33859/Index.htm	https://www.fidal.it/risultati/2024/REG33859/Risultati/IndexRisultatiPerGara.html	Nuovo	ok	2024-03-17
2024-01-21	REG34213	CARRARA INDOOR 6 manifestazione	https://www.fidal.it/calendario/CARRARA-INDOOR-6-manifestazione/REG34213	https://www.fidal.it/risultati/2024/REG34213/Index.htm	https://www.fidal.it/risultati/2024/REG34213/RESULTSBYEVENT1.htm	Vecchio #3	ok	2024-03-17
2024-01-21	REG33762	MEETING GIOVANILE INDOOR GIOVANILE	https://www.fidal.it/calendario/MEETING-GIOVANILE-INDOOR-GIOVANILE/REG33762	https://www.fidal.it/risultati/2024/REG33762/Index.htm	https://www.fidal.it/risultati/2024/REG33762/Risultati/IndexRisultatiPerGara.html	Nuovo	ok	2024-03-17
2024-01-21	REG33598	PARMA CAMP. REG. INDOOR A/J/P	https://www.fidal.it/calendario/PARMA-CAMP--REG--INDOOR-A-J-P/REG33598	https://www.fidal.it/risultati/2024/REG33598/Index.htm	https://www.fidal.it/risultati/2024/REG33598/Index.htm	Vecchissimo	ok	2024-03-17
2024-01-21	REG33763	MEETING ASSOLUTI INDOOR	https://www.fidal.it/calendario/MEETING-ASSOLUTI-INDOOR/REG33763	https://www.fidal.it/risultati/2024/REG33763/Index.htm	https://www.fidal.it/risultati/2024/REG33763/Risultati/IndexRisultatiPerGara.html	Nuovo	ok	2024-03-17
2024-01-21	REG34033	Fossano (CN) - Campionati piemontesi Assoluti/P/J/A Indoor - 2a giornata - approvazione Fidal Piemonte n. 33/indoor/2024	https://www.fidal.it/calendario/Fossano-(CN)-Campionati-piemontesi-Assoluti-P-J-A-Indoor-2a-giornata-/REG34033	https://www.fidal.it/risultati/2024/REG34033/Index.htm	https://www.fidal.it/risultati/2024/REG34033/Index.htm	Vecchissimo	ok	2024-03-17
2024-01-21	REG33689	CAMPIONATI REGIONALI INDIVIDUALI PESO A/J/P/ASSOLUTI INDOOR OPEN	https://www.fidal.it/calendario/CAMPIONATI-REGIONALI-INDIVIDUALI-PESO-A-J-P-ASSOLUTI-INDOOR-OPEN/REG33689	https://www.fidal.it/risultati/2024/REG33689/Index.htm	https://www.fidal.it/risultati/2024/REG33689/RESULTSBYEVENT1.htm	Vecchio #2	ok	2024-03-17
2024-01-21	REG34205	MEETING SALTI INDOOR OPEN valido come Campionato Toscano Assoluto e Promesse	https://www.fidal.it/calendario/MEETING-SALTI-INDOOR-OPEN-valido-come-Campionato-Toscano-Assoluto-e-Promesse/REG34205	https://www.fidal.it/risultati/2024/REG34205/Index.htm	https://www.fidal.it/risultati/2024/REG34205/RESULTSBYEVENT1.htm	Vecchio #2	ok	2024-03-17
2024-01-21	REG33753	2^ PROVA CAMPIONATO REGIONALE INDOOR  INDIVIDUALE ALLIEVI/E	https://www.fidal.it/calendario/2^-PROVA-CAMPIONATO-REGIONALE-INDOOR-INDIVIDUALE-ALLIEVI-E/REG33753	https://www.fidal.it/risultati/2024/REG33753/Index.htm	https://www.fidal.it/risultati/2024/REG33753/Index.htm	Vecchissimo	ok	2024-03-17
2024-01-21	REG33690	ANNULLATA - RIUNIONE REGIONALE DI ASTA E LUNGO CADETTI F INDOOR OPEN	https://www.fidal.it/calendario/ANNULLATA-RIUNIONE-REGIONALE-DI-ASTA-E-LUNGO-CADETTI-F-INDOOR-OPEN/REG33690				Gara non esistente	2024-03-17
2024-01-24	REG33816	MEETING NAZIONALE INDOOR INFRASETTIMANALE	https://www.fidal.it/calendario/MEETING-NAZIONALE-INDOOR-INFRASETTIMANALE/REG33816	https://www.fidal.it/risultati/2024/REG33816/Index.htm	https://www.fidal.it/risultati/2024/REG33816/Risultati/IndexRisultatiPerGara.html	Nuovo	ok	2024-03-17
2024-01-27	REG34208	MEETING INDOOR CORSE 60 e 60 hs	https://www.fidal.it/calendario/MEETING-INDOOR-CORSE-60-e-60-hs/REG34208	https://www.fidal.it/risultati/2024/REG34208/Index.htm	https://www.fidal.it/risultati/2024/REG34208/RESULTSBYEVENT1.htm	Vecchio #1	ok	2024-03-17
2024-01-27	REG34227	VR - Triathlon Provinciale Indoor	https://www.fidal.it/calendario/VR-Triathlon-Provinciale-Indoor/REG34227	https://www.fidal.it/risultati/2024/REG34227/Index.htm	https://www.fidal.it/risultati/2024/REG34227/Index.htm	Vecchissimo	ok	2024-03-17
2024-01-27	REG34034	Bra (CN) - Campionati piemontesi Assoluti/P/J/A Indoor - 3a giornata	https://www.fidal.it/calendario/Bra-(CN)-Campionati-piemontesi-Assoluti-P-J-A-Indoor-3a-giornata/REG34034	https://www.fidal.it/risultati/2024/REG34034/Index.htm	https://www.fidal.it/risultati/2024/REG34034/Index.htm	Vecchissimo	ok	2024-03-17
2024-01-27	REG34214	CARRARA INDOOR 7 manifestazione - Campionati Toscani Indoor Ragazze e Cadette	https://www.fidal.it/calendario/CARRARA-INDOOR-7-manifestazione-Campionati-Toscani-Indoor-Ragazze-e-Cadette/REG34214	https://www.fidal.it/risultati/2024/REG34214/Index.htm	https://www.fidal.it/risultati/2024/REG34214/RESULTSBYEVENT1.htm	Vecchio #3	ok	2024-03-17
2024-01-27	REG34035	Paruzzaro (NO) - Meeting Regionale Indoor Esordienti - Corri, Salta, Lancia	https://www.fidal.it/calendario/Paruzzaro-(NO)-Meeting-Regionale-Indoor-Esordienti-Corri-Salta-Lancia/REG34035				Gara non esistente	2024-03-17
2024-01-27	REG33817	MEETING ASSOLUTI INDOOR	https://www.fidal.it/calendario/MEETING-ASSOLUTI-INDOOR/REG33817	https://www.fidal.it/risultati/2024/REG33817/Index.htm	https://www.fidal.it/risultati/2024/REG33817/Risultati/IndexRisultatiPerGara.html	Nuovo	ok	2024-03-17
2024-01-27	REG34220	PD - 2 manif. Provinciale invernale	https://www.fidal.it/calendario/PD-2-manif--Provinciale-invernale/REG34220	https://www.fidal.it/risultati/2024/REG34220/Index.htm	https://www.fidal.it/risultati/2024/REG34220/Index.htm	Vecchissimo	ok	2024-03-17
2024-01-27	REG34201	BO: Campionati prov. indoor 2024 1^ Giornata “BRASCHI DAY”	https://www.fidal.it/calendario/BO-Campionati-prov--indoor-2024-1^-Giornata-“BRASCHI-DAY”/REG34201	https://www.fidal.it/risultati/2024/REG34201/Index.htm	https://www.fidal.it/risultati/2024/REG34201/Index.htm	Vecchissimo	ok	2024-03-17
2024-01-27	REG34129	RIUNIONE REGIONALE INDOOR	https://www.fidal.it/calendario/RIUNIONE-REGIONALE-INDOOR/REG34129	https://www.fidal.it/risultati/2024/REG34129/Index.htm	https://www.fidal.it/risultati/2024/REG34129/Risultati/IndexRisultatiPerGara.html	Nuovo	ok	2024-03-17
2024-01-27	REG33695	CAMPIONATI REGIONALI INIDIVIDUALI TRIPLO J/P/ASSOLUTI M/F INDOOR OPEN + RIUNIONE REGIONALE TRIPLO ALLIEVI/E INDOOR OPEN	https://www.fidal.it/calendario/CAMPIONATI-REGIONALI-INIDIVIDUALI-TRIPLO-J-P-ASSOLUTI-M-F-INDOOR-OPEN-+/REG33695	https://www.fidal.it/risultati/2024/REG33695/Index.htm	https://www.fidal.it/risultati/2024/REG33695/Risultati/IndexRisultatiPerGara.html	Nuovo	ok	2024-03-17
2024-01-28	REG33841	5-6 MAN. REGIONALE INDOOR OPEN	https://www.fidal.it/calendario/5-6-MAN--REGIONALE-INDOOR-OPEN/REG33841	https://www.fidal.it/risultati/2024/REG33841/Index.htm	https://www.fidal.it/risultati/2024/REG33841/Risultati/IndexRisultatiPerGara.html	Nuovo	ok	2024-03-17
2024-01-28	REG34215	CARRARA INDOOR 8 manifestazione - Campionati Toscani Indoor Ragazzi e Cadetti	https://www.fidal.it/calendario/CARRARA-INDOOR-8-manifestazione-Campionati-Toscani-Indoor-Ragazzi-e-Cadetti/REG34215	https://www.fidal.it/risultati/2024/REG34215/Index.htm	https://www.fidal.it/risultati/2024/REG34215/RESULTSBYEVENT1.htm	Vecchio #3	ok	2024-03-17
2024-01-28	REG33698	CAMPIONATI REGIONALI INDIVIDUALI INDOOR MASTER	https://www.fidal.it/calendario/CAMPIONATI-REGIONALI-INDIVIDUALI-INDOOR-MASTER/REG33698	https://www.fidal.it/risultati/2024/REG33698/Index.htm	https://www.fidal.it/risultati/2024/REG33698/RESULTSBYEVENT1.htm	Vecchio #2	ok	2024-03-17
2024-01-28	REG33697	CAMPIONATI REGIONALI INDIVIDUALI DI PROVE MULTIPLE INDOOR A/J/P/ASSOLUTI OPEN	https://www.fidal.it/calendario/CAMPIONATI-REGIONALI-INDIVIDUALI-DI-PROVE-MULTIPLE-INDOOR-A-J-P-ASSOLUTI-OPEN/REG33697	https://www.fidal.it/risultati/2024/REG33697/Index.htm	https://www.fidal.it/risultati/2024/REG33697/Risultati/IndexRisultatiPerGara.html	Nuovo	ok	2024-03-17
2024-01-28	REG33803	Campionati Regionali Individuali Indoor ALL/JUN/PRO/SEN	https://www.fidal.it/calendario/Campionati-Regionali-Individuali-Indoor-ALL-JUN-PRO-SEN/REG33803	https://www.fidal.it/risultati/2024/REG33803/Index.htm	https://www.fidal.it/risultati/2024/REG33803/Risultati/IndexRisultatiPerGara.html	Nuovo	ok	2024-03-17
2024-01-28	REG33597	PARMA MEETING ASSOLUTO	https://www.fidal.it/calendario/PARMA-MEETING-ASSOLUTO/REG33597	https://www.fidal.it/risultati/2024/REG33597/Index.htm	https://www.fidal.it/risultati/2024/REG33597/Index.htm	Vecchissimo	ok	2024-03-17
2024-01-28	REG33873	Campionati Regionali Indoor Assoluti e Promesse	https://www.fidal.it/calendario/Campionati-Regionali-Indoor-Assoluti-e-Promesse/REG33873	https://www.fidal.it/risultati/2024/REG33873/Index.htm	https://www.fidal.it/risultati/2024/REG33873/Risultati/IndexRisultatiPerGara.html	Nuovo	ok	2024-03-17
2024-01-28	REG33664	MODENA MEETING GIOVANILE	https://www.fidal.it/calendario/MODENA-MEETING-GIOVANILE/REG33664	https://www.fidal.it/risultati/2024/REG33664/Index.htm	https://www.fidal.it/risultati/2024/REG33664/Index.htm	Vecchissimo	ok	2024-03-17
2024-01-28	REG33704	ANNULLATA/SPOSTATA AD ALTRA DATA E SEDE - CAMPIONATI REGIONALI INDIVIDUALI LUNGO J/P/ASSOLUTI M/F INDOOR NO OPEN	https://www.fidal.it/calendario/ANNULLATA-SPOSTATA-AD-ALTRA-DATA-E-SEDE-CAMPIONATI-REGIONALI-INDIVIDUALI/REG33704				Gara non esistente	2024-03-17
2024-01-28	REG33701	CAMPIONATI REGIONALI INDIVIDUALI ASTA A/J/P/ASSOLUTI M/F - RIUNIONE REGIONALE DI SALTO CON L'ASTA CM/CF INDOOR OPEN	https://www.fidal.it/calendario/CAMPIONATI-REGIONALI-INDIVIDUALI-ASTA-A-J-P-ASSOLUTI-M-F-RIUNIONE-REGIONALE/REG33701	https://www.fidal.it/risultati/2024/REG33701/Index.htm	https://www.fidal.it/risultati/2024/REG33701/Risultati/IndexRisultatiPerGara.html	Nuovo	ok	2024-03-17
2024-01-28	REG33700	CAMPIONATI REGIONALI INDIVIDUALI 60-60HS ALLIEVI/E INDOOR OPEN	https://www.fidal.it/calendario/CAMPIONATI-REGIONALI-INDIVIDUALI-60-60HS-ALLIEVI-E-INDOOR-OPEN/REG33700	https://www.fidal.it/risultati/2024/REG33700/Index.htm	https://www.fidal.it/risultati/2024/REG33700/Risultati/IndexRisultatiPerGara.html	Nuovo	ok	2024-03-17
2024-01-28	REG33754	3^ PROVA CAMPIONATO REGIONALE INDOOR INDIVIDUALE ASSOLUTO M/F	https://www.fidal.it/calendario/3^-PROVA-CAMPIONATO-REGIONALE-INDOOR-INDIVIDUALE-ASSOLUTO-M-F/REG33754	https://www.fidal.it/risultati/2024/REG33754/Index.htm	https://www.fidal.it/risultati/2024/REG33754/Index.htm	Vecchissimo	ok	2024-03-17
2024-01-28	REG33819	MEETING ASSOLUTI INDOOR	https://www.fidal.it/calendario/MEETING-ASSOLUTI-INDOOR/REG33819	https://www.fidal.it/risultati/2024/REG33819/Index.htm	https://www.fidal.it/risultati/2024/REG33819/Risultati/IndexRisultatiPerGara.html	Nuovo	ok	2024-03-17
2024-01-28	REG34130	RIUNIONE REGIONALE INDOOR	https://www.fidal.it/calendario/RIUNIONE-REGIONALE-INDOOR/REG34130	https://www.fidal.it/risultati/2024/REG34130/Index.htm	https://www.fidal.it/risultati/2024/REG34130/Risultati/IndexRisultatiPerGara.html	Nuovo	ok	2024-03-17
2024-01-28	REG34157	16 Memorial Roberto Donzelli	https://www.fidal.it/calendario/16-Memorial-Roberto-Donzelli/REG34157	https://www.fidal.it/risultati/2024/REG34157/Index.htm	https://www.fidal.it/risultati/2024/REG34157/Risultati/IndexRisultatiPerGara.html	Nuovo	ok	2024-03-17
2024-01-28	REG33860	Aosta - Campionati Regionali Allievi e Gare J/P/S - Open	https://www.fidal.it/calendario/Aosta-Campionati-Regionali-Allievi-e-Gare-J-P-S-Open/REG33860	https://www.fidal.it/risultati/2024/REG33860/Index.htm	https://www.fidal.it/risultati/2024/REG33860/Risultati/IndexRisultatiPerGara.html	Nuovo	ok	2024-03-17
2024-01-28	REG33818	MEETING ASSOLUTI INDOOR	https://www.fidal.it/calendario/MEETING-ASSOLUTI-INDOOR/REG33818	https://www.fidal.it/risultati/2024/REG33818/Index.htm	https://www.fidal.it/risultati/2024/REG33818/Risultati/IndexRisultatiPerGara.html	Nuovo	ok	2024-03-17
2024-02-03	REG33601	MODENA CAMP. REG. INDOOR ASSOLUTI	https://www.fidal.it/calendario/MODENA-CAMP--REG--INDOOR-ASSOLUTI/REG33601	https://www.fidal.it/risultati/2024/REG33601/Index.htm	https://www.fidal.it/risultati/2024/REG33601/Index.htm	Vecchissimo	ok	2024-03-17
2024-02-03	REG34239	CAMPIONATI TOSCANI INDOOR SALTI ALLIEVI/E	https://www.fidal.it/calendario/CAMPIONATI-TOSCANI-INDOOR-SALTI-ALLIEVI-E/REG34239	https://www.fidal.it/risultati/2024/REG34239/Index.htm	https://www.fidal.it/risultati/2024/REG34239/RESULTSBYEVENT1.htm	Vecchio #2	ok	2024-03-17
2024-02-03	REG33707	RIUNIONE REGIONALE LUNGO A/J/P/ASSOLUTI F E ASTA F/M INDOOR OPEN	https://www.fidal.it/calendario/RIUNIONE-REGIONALE-LUNGO-A-J-P-ASSOLUTI-F-E-ASTA-F-M-INDOOR-OPEN/REG33707	https://www.fidal.it/risultati/2024/REG33707/Index.htm	https://www.fidal.it/risultati/2024/REG33707/Risultati/IndexRisultatiPerGara.html	Nuovo	ok	2024-03-17
2024-02-03	REG33602	PARMA MEETING GIOVANILE	https://www.fidal.it/calendario/PARMA-MEETING-GIOVANILE/REG33602	https://www.fidal.it/risultati/2024/REG33602/Index.htm	https://www.fidal.it/risultati/2024/REG33602/Index.htm	Vecchissimo	ok	2024-03-17
2024-02-03	REG34237	CARRARA INDOOR 9^ manifestazione CAMPIONATI TOSCANI PROVE MULTIPLE CADETTI/E e GARE RAGAZZI/E e CADETTI/E	https://www.fidal.it/calendario/CARRARA-INDOOR-9^-manifestazione-CAMPIONATI-TOSCANI-PROVE-MULTIPLE-CADETTI-E-e/REG34237	https://www.fidal.it/risultati/2024/REG34237/Index.htm	https://www.fidal.it/risultati/2024/REG34237/RESULTSBYEVENT1.htm	Vecchio #3	ok	2024-03-17
2024-02-04	REG33863	Aosta - Campionati Regionali Indoor Cadetti - Open	https://www.fidal.it/calendario/Aosta-Campionati-Regionali-Indoor-Cadetti-Open/REG33863	https://www.fidal.it/risultati/2024/REG33863/Index.htm	https://www.fidal.it/risultati/2024/REG33863/Risultati/IndexRisultatiPerGara.html	Nuovo	ok	2024-03-17
2024-02-04	REG33939	CAMP. REGIONALE di PROVE MULTIPLE ALLIEVI - JUNIOR - PROMESSE e ASSOLUTI	https://www.fidal.it/calendario/CAMP--REGIONALE-di-PROVE-MULTIPLE-ALLIEVI-JUNIOR-PROMESSE-e-ASSOLUTI/REG33939	https://www.fidal.it/risultati/2024/REG33939/Index.htm	https://www.fidal.it/risultati/2024/REG33939/Risultati/IndexRisultatiPerGara.html	Nuovo	ok	2024-03-17
2024-02-04	REG34426	Campionato Regionale di Prove Multiple Allievi, Junior e Assoluti	https://www.fidal.it/calendario/Campionato-Regionale-di-Prove-Multiple-Allievi-Junior-e-Assoluti/REG34426				Gara non esistente	2024-03-17
2024-02-04	REG34439	Campionati Regionali Individuali Indoor Ragazzi/e anno 2012	https://www.fidal.it/calendario/Campionati-Regionali-Individuali-Indoor-Ragazzi-e-anno-2012/REG34439	https://www.fidal.it/risultati/2024/REG34439/Index.htm	https://www.fidal.it/risultati/2024/REG34439/Index.htm	Vecchissimo	ok	2024-03-17
2024-02-04	REG33604	PARMA CAMP. REG. INDOOR ASSOLUTI	https://www.fidal.it/calendario/PARMA-CAMP--REG--INDOOR-ASSOLUTI/REG33604	https://www.fidal.it/risultati/2024/REG33604/Index.htm	https://www.fidal.it/risultati/2024/REG33604/Index.htm	Vecchissimo	ok	2024-03-17
2024-02-04	REG33755	4^ PROVA CAMPIONATO REGIONALE INDOOR INDIVIDUALE CADETTE/I - RAGAZZE/I	https://www.fidal.it/calendario/4^-PROVA-CAMPIONATO-REGIONALE-INDOOR-INDIVIDUALE-CADETTE-I-RAGAZZE-I/REG33755	https://www.fidal.it/risultati/2024/REG33755/Index.htm	https://www.fidal.it/risultati/2024/REG33755/Index.htm	Vecchissimo	ok	2024-03-17
2024-02-04	REG34238	CARRARA INDOOR 10 manifestazione	https://www.fidal.it/calendario/CARRARA-INDOOR-10-manifestazione/REG34238	https://www.fidal.it/risultati/2024/REG34238/Index.htm	https://www.fidal.it/risultati/2024/REG34238/RESULTSBYEVENT1.htm	Vecchio #2	ok	2024-03-17
2024-02-04	REG33805	Campionati Regionali Individuali Indoor Ragazzi/e anno 2011	https://www.fidal.it/calendario/Campionati-Regionali-Individuali-Indoor-Ragazzi-e-anno-2011/REG33805	https://www.fidal.it/risultati/2024/REG33805/Index.htm	https://www.fidal.it/risultati/2024/REG33805/Index.htm	Vecchissimo	ok	2024-03-17
2024-02-04	COD11507	CAMPIONATI ITALIANI JUNIORES e PROMESSE INDOOR	https://www.fidal.it/calendario/CAMPIONATI-ITALIANI-JUNIORES-e-PROMESSE-INDOOR/COD11507	https://www.fidal.it/risultati/2024/COD11507/Index.htm	https://www.fidal.it/risultati/2024/COD11507/Risultati/IndexRisultatiPerGara.html	Nuovo	ok	2024-03-17
2024-02-04	REG33600	MODENA MEETING GIOVANILE	https://www.fidal.it/calendario/MODENA-MEETING-GIOVANILE/REG33600	https://www.fidal.it/risultati/2024/REG33600/Index.htm	https://www.fidal.it/risultati/2024/REG33600/Index.htm	Vecchissimo	ok	2024-03-17
2024-02-04	REG33915	RIUNIONE REGIONALE 60HS - 60 E ALTO A/J/P/ASSOLUTI M/F INDOOR OPEN	https://www.fidal.it/calendario/RIUNIONE-REGIONALE-60HS-60-E-ALTO-A-J-P-ASSOLUTI-M-F-INDOOR-OPEN/REG33915	https://www.fidal.it/risultati/2024/REG33915/Index.htm	https://www.fidal.it/risultati/2024/REG33915/Risultati/IndexRisultatiPerGara.html	Nuovo	ok	2024-03-17
2024-02-04	REG34240	CAMPIONATI TOSCANI INDOOR CADETTI/E LUNGO e ASTA	https://www.fidal.it/calendario/CAMPIONATI-TOSCANI-INDOOR-CADETTI-E-LUNGO-e-ASTA/REG34240	https://www.fidal.it/risultati/2024/REG34240/Index.htm	https://www.fidal.it/risultati/2024/REG34240/Risultati/IndexRisultatiPerGara.html	Nuovo	ok	2024-03-17
2024-02-06	REG33877	VI Udin Jump Development - Pagina Regionale	https://www.fidal.it/calendario/VI-Udin-Jump-Development-Pagina-Regionale/REG33877	https://www.fidal.it/risultati/2024/REG33877/Index.htm	https://www.fidal.it/risultati/2024/REG33877/Index.htm	Vecchissimo	ok	2024-03-17
2024-02-06	COD11292	VI^ Udin Jump Development	https://www.fidal.it/calendario/VI^-Udin-Jump-Development/COD11292	https://www.fidal.it/risultati/2024/COD11292/Index.htm	https://www.fidal.it/risultati/2024/COD11292/Risultati/IndexRisultatiPerGara.html	Nuovo	ok	2024-03-17
2024-02-07	REG34441	MEETING INDOOR GARE CADETTI/E	https://www.fidal.it/calendario/MEETING-INDOOR-GARE-CADETTI-E/REG34441	https://www.fidal.it/risultati/2024/REG34441/Index.htm	https://www.fidal.it/risultati/2024/REG34441/Risultati/IndexRisultatiPerGara.html	Nuovo	ok	2024-03-17
2024-02-10	REG34668	Campionato Regionale Individuale di PM Indoor ALL/JUN/PRO/SEN femminile	https://www.fidal.it/calendario/Campionato-Regionale-Individuale-di-PM-Indoor-ALL-JUN-PRO-SEN-femminile/REG34668	https://www.fidal.it/risultati/2024/REG34668/Index.htm	https://www.fidal.it/risultati/2024/REG34668/Risultati/IndexRisultatiPerGara.html	Nuovo	ok	2024-03-17
2024-02-10	REG34434	PROVE MULTIPLE INDOOR	https://www.fidal.it/calendario/PROVE-MULTIPLE-INDOOR/REG34434	https://www.fidal.it/risultati/2024/REG34434/Index.htm	https://www.fidal.it/risultati/2024/REG34434/Risultati/IndexRisultatiPerGara.html	Nuovo	ok	2024-03-17
2024-02-10	REG34137	FESTA DELL'ESORDIENTE E RIUNIONE REGIONALE PROVE MULTIPLE	https://www.fidal.it/calendario/FESTA-DELL-ESORDIENTE-E-RIUNIONE-REGIONALE-PROVE-MULTIPLE/REG34137	https://www.fidal.it/risultati/2024/REG34137/Index.htm	https://www.fidal.it/risultati/2024/REG34137/Risultati/IndexRisultatiPerGara.html	Nuovo	ok	2024-03-17
2024-02-10	REG33878	Campionati Regionali Indoor Master OPEN e Alto e Lungo Cadetti/e Meeting Regionale Indoor Giovanile di apertura	https://www.fidal.it/calendario/Campionati-Regionali-Indoor-Master-OPEN-e-Alto-e-Lungo-Cadetti-e-Meeting/REG33878	https://www.fidal.it/risultati/2024/REG33878/Index.htm	https://www.fidal.it/risultati/2024/REG33878/Risultati/IndexRisultatiPerGara.html	Nuovo	ok	2024-03-17
2024-02-10	REG34259	ANN: Manifestazione Indoor	https://www.fidal.it/calendario/ANN-Manifestazione-Indoor/REG34259				Gara non esistente	2024-03-17
2024-02-10	REG34400	BO: Campionati prov. indoor 2024 2^ Giornata	https://www.fidal.it/calendario/BO-Campionati-prov--indoor-2024-2^-Giornata/REG34400	https://www.fidal.it/risultati/2024/REG34400/Index.htm	https://www.fidal.it/risultati/2024/REG34400/Index.htm	Vecchissimo	ok	2024-03-17
2024-02-10	REG34718	VE - 1 Mini Indoor Provinciale	https://www.fidal.it/calendario/VE-1-Mini-Indoor-Provinciale/REG34718				Gara non esistente	2024-03-17
2024-02-10	REG34229	VR - Triathlon Provinciale Indoor	https://www.fidal.it/calendario/VR-Triathlon-Provinciale-Indoor/REG34229	https://www.fidal.it/risultati/2024/REG34229/Index.htm	https://www.fidal.it/risultati/2024/REG34229/Index.htm	Vecchissimo	ok	2024-03-17
2024-02-10	REG34243	MEETING ASSOLUTO INDOOR CORSE	https://www.fidal.it/calendario/MEETING-ASSOLUTO-INDOOR-CORSE/REG34243	https://www.fidal.it/risultati/2024/REG34243/Index.htm	https://www.fidal.it/risultati/2024/REG34243/RESULTSBYEVENT1.htm	Vecchio #1	ok	2024-03-17
2024-02-10	REG34242	MEETING INDOOR PROMOZIONALE	https://www.fidal.it/calendario/MEETING-INDOOR-PROMOZIONALE/REG34242	https://www.fidal.it/risultati/2024/REG34242/Index.htm	https://www.fidal.it/risultati/2024/REG34242/RESULTSBYEVENT1.htm	Vecchio #2	ok	2024-03-17
2024-02-10	REG34221	PD - 3 manif. Provinciale invernale	https://www.fidal.it/calendario/PD-3-manif--Provinciale-invernale/REG34221	https://www.fidal.it/risultati/2024/REG34221/Index.htm	https://www.fidal.it/risultati/2024/REG34221/Index.htm	Vecchissimo	ok	2024-03-17
2024-02-10	REG33807	Manifestazione Indoor	https://www.fidal.it/calendario/Manifestazione-Indoor/REG33807	https://www.fidal.it/risultati/2024/REG33807/Index.htm	https://www.fidal.it/risultati/2024/REG33807/Risultati/IndexRisultatiPerGara.html	Nuovo	ok	2024-03-17
2024-02-11	REG33941	7-8 MAN. REGIONALE INDOOR OPEN	https://www.fidal.it/calendario/7-8-MAN--REGIONALE-INDOOR-OPEN/REG33941	https://www.fidal.it/risultati/2024/REG33941/Index.htm	https://www.fidal.it/risultati/2024/REG33941/Risultati/IndexRisultatiPerGara.html	Nuovo	ok	2024-03-17
2024-02-11	REG33881	Meeting Regionale Indoor Giovanile di apertura OPEN	https://www.fidal.it/calendario/Meeting-Regionale-Indoor-Giovanile-di-apertura-OPEN/REG33881	https://www.fidal.it/risultati/2024/REG33881/Index.htm	https://www.fidal.it/risultati/2024/REG33881/Risultati/IndexRisultatiPerGara.html	Nuovo	ok	2024-03-17
2024-02-11	REG33757	5^ PROVA CAMPIONATO REGIONALE INDOOR INDIVIDUALE MASTER M/F	https://www.fidal.it/calendario/5^-PROVA-CAMPIONATO-REGIONALE-INDOOR-INDIVIDUALE-MASTER-M-F/REG33757	https://www.fidal.it/risultati/2024/REG33757/Index.htm	https://www.fidal.it/risultati/2024/REG33757/Index.htm	Vecchissimo	ok	2024-03-17
2024-02-11	REG34603	VI - 1 prova Miniindoor provinciale	https://www.fidal.it/calendario/VI-1-prova-Miniindoor-provinciale/REG34603				Gara non esistente	2024-03-17
2024-02-11	REG33665	MODENA MEETING ASSOLUTO	https://www.fidal.it/calendario/MODENA-MEETING-ASSOLUTO/REG33665	https://www.fidal.it/risultati/2024/REG33665/Index.htm	https://www.fidal.it/risultati/2024/REG33665/Index.htm	Vecchissimo	ok	2024-03-17
2024-02-11	REG34435	PROMOINDOOR 2024	https://www.fidal.it/calendario/PROMOINDOOR-2024/REG34435	https://www.fidal.it/risultati/2024/REG34435/Index.htm	https://www.fidal.it/risultati/2024/REG34435/Risultati/IndexRisultatiPerGara.html	Nuovo	ok	2024-03-17
2024-02-11	REG34436	RIUNIONE REGIONALE INDOOR	https://www.fidal.it/calendario/RIUNIONE-REGIONALE-INDOOR/REG34436	https://www.fidal.it/risultati/2024/REG34436/Index.htm	https://www.fidal.it/risultati/2024/REG34436/Risultati/IndexRisultatiPerGara.html	Nuovo	ok	2024-03-17
2024-02-11	REG34223	PD - 5 manif. Provinciale invernale	https://www.fidal.it/calendario/PD-5-manif--Provinciale-invernale/REG34223	https://www.fidal.it/risultati/2024/REG34223/Index.htm	https://www.fidal.it/risultati/2024/REG34223/Index.htm	Vecchissimo	ok	2024-03-17
2024-02-11	REG34279	CAMPIONATI PROVINCIALI INDOOR RAGAZZI/E	https://www.fidal.it/calendario/CAMPIONATI-PROVINCIALI-INDOOR-RAGAZZI-E/REG34279	https://www.fidal.it/risultati/2024/REG34279/Index.htm	https://www.fidal.it/risultati/2024/REG34279/RESULTSBYEVENT1.htm	Vecchio #1	ok	2024-03-17
2024-02-11	REG34278	RIUNIONE REGIONALE LUNGO E TRIPLO INDOOR CADETTI/E NO OPEN	https://www.fidal.it/calendario/RIUNIONE-REGIONALE-LUNGO-E-TRIPLO-INDOOR-CADETTI-E-NO-OPEN/REG34278	https://www.fidal.it/risultati/2024/REG34278/Index.htm	https://www.fidal.it/risultati/2024/REG34278/Risultati/IndexRisultatiPerGara.html	Nuovo	ok	2024-03-17
2024-02-11	REG33923	CAMPIONATI REGIONALI INDIVIDUALI 60-60HS ASSOLUTI M/F INDOOR OPEN	https://www.fidal.it/calendario/CAMPIONATI-REGIONALI-INDIVIDUALI-60-60HS-ASSOLUTI-M-F-INDOOR-OPEN/REG33923	https://www.fidal.it/risultati/2024/REG33923/Index.htm	https://www.fidal.it/risultati/2024/REG33923/Risultati/IndexRisultatiPerGara.html	Nuovo	ok	2024-03-17
2024-02-11	COD11508	CAMPIONATI ITALIANI ALLIEVI INDOOR	https://www.fidal.it/calendario/CAMPIONATI-ITALIANI-ALLIEVI-INDOOR/COD11508	https://www.fidal.it/risultati/2024/COD11508/Index.htm	https://www.fidal.it/risultati/2024/COD11508/Risultati/IndexRisultatiPerGara.html	Nuovo	ok	2024-03-17
2024-02-11	REG33924	RIUNIONE REGIONALE LUNGO A/J/P/ASSOLUTI M E TRIPLO A/P/J/ASS M/F INDOOR OPEN	https://www.fidal.it/calendario/RIUNIONE-REGIONALE-LUNGO-A-J-P-ASSOLUTI-M-E-TRIPLO-A-P-J-ASS-M-F-INDOOR-OPEN/REG33924	https://www.fidal.it/risultati/2024/REG33924/Index.htm	https://www.fidal.it/risultati/2024/REG33924/Risultati/IndexRisultatiPerGara.html	Nuovo	ok	2024-03-17
2024-02-11	REG34036	Bra (CN) - Campionati piemontesi Indoor CF/CM - 1a giornata - approvazione Fidal Piemonte n. 35/indoor/2024	https://www.fidal.it/calendario/Bra-(CN)-Campionati-piemontesi-Indoor-CF-CM-1a-giornata-approvazione/REG34036	https://www.fidal.it/risultati/2024/REG34036/Index.htm	https://www.fidal.it/risultati/2024/REG34036/Risultati/IndexRisultatiPerGara.html	Nuovo	ok	2024-03-17
2024-02-17	REG34224	PD - 6 manif. Provinciale invernale - Triathlon Indoor Ragazzi	https://www.fidal.it/calendario/PD-6-manif--Provinciale-invernale-Triathlon-Indoor-Ragazzi/REG34224	https://www.fidal.it/risultati/2024/REG34224/Index.htm	https://www.fidal.it/risultati/2024/REG34224/Index.htm	Vecchissimo	ok	2024-03-17
2024-02-17	REG34246	TROFEO DELLE PROVINCE INDOOR	https://www.fidal.it/calendario/TROFEO-DELLE-PROVINCE-INDOOR/REG34246	https://www.fidal.it/risultati/2024/REG34246/Index.htm	https://www.fidal.it/risultati/2024/REG34246/RESULTSBYEVENT1.htm	Vecchio #3	ok	2024-03-17
2024-02-17	REG34719	VE - 2 Mini Indoor Provinciale	https://www.fidal.it/calendario/VE-2-Mini-Indoor-Provinciale/REG34719				Gara non esistente	2024-03-17
2024-02-17	REG34739	VR - Triathlon Provinciale Indoor Esordienti 2	https://www.fidal.it/calendario/VR-Triathlon-Provinciale-Indoor-Esordienti-2/REG34739				Gara non esistente	2024-03-17
2024-02-17	REG33607	PARMA MEETING MASTER/ASSOLUTO	https://www.fidal.it/calendario/PARMA-MEETING-MASTER-ASSOLUTO/REG33607	https://www.fidal.it/risultati/2024/REG33607/Index.htm	https://www.fidal.it/risultati/2024/REG33607/Index.htm	Vecchissimo	ok	2024-03-17
2024-02-17	REG33926	CAMPIONATI REGIONALI INDIVIDUALI TRIPLO E ASTA CM/CF INDOOR OPEN	https://www.fidal.it/calendario/CAMPIONATI-REGIONALI-INDIVIDUALI-TRIPLO-E-ASTA-CM-CF-INDOOR-OPEN/REG33926	https://www.fidal.it/risultati/2024/REG33926/Index.htm	https://www.fidal.it/risultati/2024/REG33926/Risultati/IndexRisultatiPerGara.html	Nuovo	ok	2024-03-17
2024-02-18	REG34247	CAMPIONATI TOSCANI PROVE MULTIPLE INDOOR open e Gara salto Triplo A/J/P/S m/f	https://www.fidal.it/calendario/CAMPIONATI-TOSCANI-PROVE-MULTIPLE-INDOOR-open-e-Gara-salto-Triplo-A-J-P-S-m-f/REG34247	https://www.fidal.it/risultati/2024/REG34247/Index.htm	https://www.fidal.it/risultati/2024/REG34247/RESULTSBYEVENT1.htm	Vecchio #3	ok	2024-03-17
2024-02-18	REG33933	RIUNIONE PROVINCIALE INDOOR ESORDIENTI - RAGAZZI	https://www.fidal.it/calendario/RIUNIONE-PROVINCIALE-INDOOR-ESORDIENTI-RAGAZZI/REG33933	https://www.fidal.it/risultati/2024/REG33933/Index.htm	https://www.fidal.it/risultati/2024/REG33933/Index.htm	Vecchissimo	ok	2024-03-17
2024-02-18	REG33864	Aosta - Campionati Regionali Indoor Ragazzi - Open	https://www.fidal.it/calendario/Aosta-Campionati-Regionali-Indoor-Ragazzi-Open/REG33864	https://www.fidal.it/risultati/2024/REG33864/Index.htm	https://www.fidal.it/risultati/2024/REG33864/Risultati/IndexRisultatiPerGara.html	Nuovo	ok	2024-03-17
2024-02-18	REG34037	Fossano (CN) - Meeting Regionale - Un Gioco da Ragazzi - 1a prova - approvazione Fidal Piemonte n. 65/indoor/2024	https://www.fidal.it/calendario/Fossano-(CN)-Meeting-Regionale-Un-Gioco-da-Ragazzi-1a-prova-/REG34037	https://www.fidal.it/risultati/2024/REG34037/Index.htm	https://www.fidal.it/risultati/2024/REG34037/Index.htm	Vecchissimo	ok	2024-03-17
2024-02-18	REG33608	PARMA CAMP.REG. PROVE MULTIPLE CADETTI/E no open	https://www.fidal.it/calendario/PARMA-CAMP-REG--PROVE-MULTIPLE-CADETTI-E-no-open/REG33608	https://www.fidal.it/risultati/2024/REG33608/Index.htm	https://www.fidal.it/risultati/2024/REG33608/Index.htm	Vecchissimo	ok	2024-03-17
2024-02-18	REG33943	9 MAN. INDOOR solo CADETTI/E - Open (sabato) - TETRATHLON Cadetti/e (domenica)	https://www.fidal.it/calendario/9-MAN--INDOOR-solo-CADETTI-E-Open-(sabato)-TETRATHLON-Cadetti-e-(domenica)/REG33943	https://www.fidal.it/risultati/2024/REG33943/Index.htm	https://www.fidal.it/risultati/2024/REG33943/Risultati/IndexRisultatiPerGara.html	Nuovo	ok	2024-03-17
2024-02-18	REG33765	PARMA MEETING GIOVANILE	https://www.fidal.it/calendario/PARMA-MEETING-GIOVANILE/REG33765	https://www.fidal.it/risultati/2024/REG33765/Index.htm	https://www.fidal.it/risultati/2024/REG33765/Index.htm	Vecchissimo	ok	2024-03-17
2024-02-18	REG34225	PD - 7 manif. Provinciale invernale - Triathlon Indoor Ragazze	https://www.fidal.it/calendario/PD-7-manif--Provinciale-invernale-Triathlon-Indoor-Ragazze/REG34225	https://www.fidal.it/risultati/2024/REG34225/Index.htm	https://www.fidal.it/risultati/2024/REG34225/Index.htm	Vecchissimo	ok	2024-03-17
2024-02-18	REG33931	RIUNIONE REGIONALE 60 E LUNGO CM/CF INDOOR OPEN	https://www.fidal.it/calendario/RIUNIONE-REGIONALE-60-E-LUNGO-CM-CF-INDOOR-OPEN/REG33931	https://www.fidal.it/risultati/2024/REG33931/Index.htm	https://www.fidal.it/risultati/2024/REG33931/Risultati/IndexRisultatiPerGara.html	Nuovo	ok	2024-03-17
2024-02-18	REG33500	MO: 1ª Rassegna Indoor Provinciale 2024	https://www.fidal.it/calendario/MO-1ª-Rassegna-Indoor-Provinciale-2024/REG33500	https://www.fidal.it/risultati/2024/REG33500/Index.htm	https://www.fidal.it/risultati/2024/REG33500/Index.htm	Vecchissimo	ok	2024-03-17
2024-02-18	COD11509	CAMPIONATI ITALIANI ASSOLUTI  INDOOR	https://www.fidal.it/calendario/CAMPIONATI-ITALIANI-ASSOLUTI-INDOOR/COD11509	https://www.fidal.it/risultati/2024/COD11509/Index.htm	https://www.fidal.it/risultati/2024/COD11509/Risultati/IndexRisultatiPerGara.html	Nuovo	ok	2024-03-17
2024-02-18	REG33932	RIUNIONE REGIONALE 60-60HS CM/CF INDOOR OPEN	https://www.fidal.it/calendario/RIUNIONE-REGIONALE-60-60HS-CM-CF-INDOOR-OPEN/REG33932	https://www.fidal.it/risultati/2024/REG33932/Index.htm	https://www.fidal.it/risultati/2024/REG33932/Risultati/IndexRisultatiPerGara.html	Nuovo	ok	2024-03-17
2024-02-22	COD11884	All Star Perche	https://www.fidal.it/calendario/All-Star-Perche/COD11884				Gara non esistente	2024-03-17
2024-02-23	COD11883	World Indoor Tour Gold Madrid 2024	https://www.fidal.it/calendario/World-Indoor-Tour-Gold-Madrid-2024/COD11883				Gara non esistente	2024-03-17
2024-02-23	COD11882	ISTAF Indoor	https://www.fidal.it/calendario/ISTAF-Indoor/COD11882				Gara non esistente	2024-03-17
2024-02-24	REG34232	VR - Triathlon Provinciale Indoor	https://www.fidal.it/calendario/VR-Triathlon-Provinciale-Indoor/REG34232	https://www.fidal.it/risultati/2024/REG34232/Index.htm	https://www.fidal.it/risultati/2024/REG34232/Index.htm	Vecchissimo	ok	2024-03-17
2024-02-24	REG34248	CAMPIONATI TOSCANI INDOOR SALTO IN LUNGO RAGAZZI/E e TRIPLO CADETTI/E	https://www.fidal.it/calendario/CAMPIONATI-TOSCANI-INDOOR-SALTO-IN-LUNGO-RAGAZZI-E-e-TRIPLO-CADETTI-E/REG34248	https://www.fidal.it/risultati/2024/REG34248/Index.htm	https://www.fidal.it/risultati/2024/REG34248/Risultati/IndexRisultatiPerGara.html	Nuovo	ok	2024-03-17
2024-02-24	REG34803	PD - Coloratletica prov. Esordienti (2013-14-15)	https://www.fidal.it/calendario/PD-Coloratletica-prov--Esordienti-(2013-14-15)/REG34803				Gara non esistente	2024-03-17
2024-02-24	REG34038	Bra (CN) - Meeting Regionale - Un Gioco da Ragazzi - 2a prova -  approvazione Fidal Piemonte n. 36/indoor/2024	https://www.fidal.it/calendario/Bra-(CN)-Meeting-Regionale-Un-Gioco-da-Ragazzi-2a-prova-approvazione/REG34038	https://www.fidal.it/risultati/2024/REG34038/Index.htm	https://www.fidal.it/risultati/2024/REG34038/Risultati/IndexRisultatiPerGara.html	Nuovo	ok	2024-03-17
2024-02-24	REG34324	TV - Campionato provinciale prove multiple Ragazzi	https://www.fidal.it/calendario/TV-Campionato-provinciale-prove-multiple-Ragazzi/REG34324	https://www.fidal.it/risultati/2024/REG34324/Index.htm	https://www.fidal.it/risultati/2024/REG34324/Index.htm	Vecchissimo	ok	2024-03-17
2024-02-24	REG34407	RIUNIONE PROVINCIALE INDOOR RAGAZZI/E - BG-LC-CO	https://www.fidal.it/calendario/RIUNIONE-PROVINCIALE-INDOOR-RAGAZZI-E-BG-LC-CO/REG34407	https://www.fidal.it/risultati/2024/REG34407/Index.htm	https://www.fidal.it/risultati/2024/REG34407/Risultati/IndexRisultatiPerGara.html	Nuovo	ok	2024-03-17
2024-02-24	REG33934	CAMPIONATI REGIONALI INDIVIDUALI LUNGO CADETTI INDOOR OPEN	https://www.fidal.it/calendario/CAMPIONATI-REGIONALI-INDIVIDUALI-LUNGO-CADETTI-INDOOR-OPEN/REG33934	https://www.fidal.it/risultati/2024/REG33934/Index.htm	https://www.fidal.it/risultati/2024/REG33934/Risultati/IndexRisultatiPerGara.html	Nuovo	ok	2024-03-17
2024-02-25	REG33605	PARMA CAMP. REG. INDOOR CADETTI/E no open	https://www.fidal.it/calendario/PARMA-CAMP--REG--INDOOR-CADETTI-E-no-open/REG33605	https://www.fidal.it/risultati/2024/REG33605/Index.htm	https://www.fidal.it/risultati/2024/REG33605/Index.htm	Vecchissimo	ok	2024-03-17
2024-02-25	COD11512	CAMPIONATI ITALIANI INDOOR MASTER e CAMPIONATI ITALIANI di LANCI INVERNALI MASTER	https://www.fidal.it/calendario/CAMPIONATI-ITALIANI-INDOOR-MASTER-e-CAMPIONATI-ITALIANI-di-LANCI-INVERNALI/COD11512	https://www.fidal.it/risultati/2024/COD11512/Index.htm	https://www.fidal.it/risultati/2024/COD11512/Index.htm	Vecchissimo	ok	2024-03-17
2024-02-25	REG33810	Campionati Regionali Individuali Indoor Cadetti/e	https://www.fidal.it/calendario/Campionati-Regionali-Individuali-Indoor-Cadetti-e/REG33810	https://www.fidal.it/risultati/2024/REG33810/Index.htm	https://www.fidal.it/risultati/2024/REG33810/Index.htm	Vecchissimo	ok	2024-03-17
2024-02-25	REG33883	Campionati Regionali Indoor Cadetti/e	https://www.fidal.it/calendario/Campionati-Regionali-Indoor-Cadetti-e/REG33883	https://www.fidal.it/risultati/2024/REG33883/Index.htm	https://www.fidal.it/risultati/2024/REG33883/Risultati/IndexRisultatiPerGara.html	Nuovo	ok	2024-03-17
2024-02-25	REG33945	11-12 MAN. REGIONALE INDOOR solo CADETTI/E - OPEN	https://www.fidal.it/calendario/11-12-MAN--REGIONALE-INDOOR-solo-CADETTI-E-OPEN/REG33945	https://www.fidal.it/risultati/2024/REG33945/Index.htm	https://www.fidal.it/risultati/2024/REG33945/Risultati/IndexRisultatiPerGara.html	Nuovo	ok	2024-03-17
2024-02-25	REG34325	TV - Campionato provinciale prove multiple Ragazze	https://www.fidal.it/calendario/TV-Campionato-provinciale-prove-multiple-Ragazze/REG34325				Gara non esistente	2024-03-17
2024-02-25	REG33937	CAMPIONATI REGIONALI INDIVIDUALI 60HS CM/CF INDOOR OPEN-CAMPIONATI REGIONALI INDIVIDUALI LUNGO CADETTE INDOOR OPEN	https://www.fidal.it/calendario/CAMPIONATI-REGIONALI-INDIVIDUALI-60HS-CM-CF-INDOOR-OPEN-CAMPIONATI-REGIONALI/REG33937	https://www.fidal.it/risultati/2024/REG33937/Index.htm	https://www.fidal.it/risultati/2024/REG33937/Risultati/IndexRisultatiPerGara.html	Nuovo	ok	2024-03-17
2024-02-25	REG34255	GARA ANNULLATA - RIUNIONE REGIONALE LUNGO E TRIPLO INDOOR CADETTI/E	https://www.fidal.it/calendario/GARA-ANNULLATA-RIUNIONE-REGIONALE-LUNGO-E-TRIPLO-INDOOR-CADETTI-E/REG34255				Gara non esistente	2024-03-17
2024-02-25	REG33936	CAMPIONATI REGIONALI INDIVIDUALI 60 E ALTO CM/CF INDOOR OPEN + RIUNIONE REGIONALE 60HS INDOOR OPEN	https://www.fidal.it/calendario/CAMPIONATI-REGIONALI-INDIVIDUALI-60-E-ALTO-CM-CF-INDOOR-OPEN-+-RIUNIONE/REG33936	https://www.fidal.it/risultati/2024/REG33936/Index.htm	https://www.fidal.it/risultati/2024/REG33936/Risultati/IndexRisultatiPerGara.html	Nuovo	ok	2024-03-17
2024-03-02	REG34226	PD - 8 manif. Provinciale invernale - Triathlon Indoor Ragazzi/e Finale	https://www.fidal.it/calendario/PD-8-manif--Provinciale-invernale-Triathlon-Indoor-Ragazzi-e-Finale/REG34226	https://www.fidal.it/risultati/2024/REG34226/Index.htm	https://www.fidal.it/risultati/2024/REG34226/Index.htm	Vecchissimo	ok	2024-03-17
2024-03-03	COD11515	CAMPIONATI MONDIALI INDOOR	https://www.fidal.it/calendario/CAMPIONATI-MONDIALI-INDOOR/COD11515				Gara non esistente	2024-03-17
2024-03-03	REG34265	Trofeo Regionale di Prove Multiple Indoor 2^prova	https://www.fidal.it/calendario/Trofeo-Regionale-di-Prove-Multiple-Indoor-2^prova/REG34265	https://www.fidal.it/risultati/2024/REG34265/Index.htm	https://www.fidal.it/risultati/2024/REG34265/Risultati/IndexRisultatiPerGara.html	Nuovo	ok	2024-03-17
2024-03-03	REG34039	Fossano (CN) - Campionati piemontesi Indoor CF/CM -  2a giornata - approvazione Fidal Piemonte n. 112/indoor/2024	https://www.fidal.it/calendario/Fossano-(CN)-Campionati-piemontesi-Indoor-CF-CM-2a-giornata-approvazione/REG34039	https://www.fidal.it/risultati/2024/REG34039/Index.htm	https://www.fidal.it/risultati/2024/REG34039/Index.htm	Vecchissimo	ok	2024-03-17
2024-03-03	REG33887	Campionati Regionali Indoor Ragazzi/e	https://www.fidal.it/calendario/Campionati-Regionali-Indoor-Ragazzi-e/REG33887	https://www.fidal.it/risultati/2024/REG33887/Index.htm	https://www.fidal.it/risultati/2024/REG33887/Risultati/IndexRisultatiPerGara.html	Nuovo	ok	2024-03-17
2024-03-03	REG33606	PARMA CAMP. REG. INDOOR RAGAZZI/E no open	https://www.fidal.it/calendario/PARMA-CAMP--REG--INDOOR-RAGAZZI-E-no-open/REG33606	https://www.fidal.it/risultati/2024/REG33606/Index.htm	https://www.fidal.it/risultati/2024/REG33606/Index.htm	Vecchissimo	ok	2024-03-17
2024-03-03	COD11604	XII^ Trofeo Ai Confini delle Marche - Incontro per Rappresentative Cadetti/e	https://www.fidal.it/calendario/XII^-Trofeo-Ai-Confini-delle-Marche-Incontro-per-Rappresentative-Cadetti-e/COD11604	https://www.fidal.it/risultati/2024/COD11604/Index.htm	https://www.fidal.it/risultati/2024/COD11604/Risultati/IndexRisultatiPerGara.html	Nuovo	ok	2024-03-17
2024-03-03	COD11516	CAMPIONATI ITALIANI DI PROVE MULTIPLE INDOOR ALL/JUN/PRO	https://www.fidal.it/calendario/CAMPIONATI-ITALIANI-DI-PROVE-MULTIPLE-INDOOR-ALL-JUN-PRO/COD11516	https://www.fidal.it/risultati/2024/COD11516/Index.htm	https://www.fidal.it/risultati/2024/COD11516/Risultati/IndexRisultatiPerGara.html	Nuovo	ok	2024-03-17
2024-03-03	REG34604	VI - 2 prova Miniindoor provinciale	https://www.fidal.it/calendario/VI-2-prova-Miniindoor-provinciale/REG34604				Gara non esistente	2024-03-17
2024-03-09	REG33501	MO: La velocisssima di primavera	https://www.fidal.it/calendario/MO-La-velocisssima-di-primavera/REG33501	https://www.fidal.it/risultati/2024/REG33501/Index.htm	https://www.fidal.it/risultati/2024/REG33501/Index.htm	Vecchissimo	ok	2024-03-17
2024-03-09	REG34720	VE - 3 Mini Indoor Provinciale	https://www.fidal.it/calendario/VE-3-Mini-Indoor-Provinciale/REG34720				Gara non esistente	2024-03-17
2024-03-10	REG34605	VI - 3 prova Miniindoor provinciale	https://www.fidal.it/calendario/VI-3-prova-Miniindoor-provinciale/REG34605				Gara non esistente	2024-03-17
2024-03-10	REG33949	CAMPIONATI REGIONALI INDOOR INDIVIDUALI MASTER	https://www.fidal.it/calendario/CAMPIONATI-REGIONALI-INDOOR-INDIVIDUALI-MASTER/REG33949	https://www.fidal.it/risultati/2024/REG33949/Index.htm	https://www.fidal.it/risultati/2024/REG33949/Risultati/IndexRisultatiPerGara.html	Nuovo	ok	2024-03-17
2024-03-10	REG33831	COPPA SPORTISSIMO 2024	https://www.fidal.it/calendario/COPPA-SPORTISSIMO-2024/REG33831	https://www.fidal.it/risultati/2024/REG33831/Index.htm	https://www.fidal.it/risultati/2024/REG33831/Risultati/IndexRisultatiPerGara.html	Nuovo	ok	2024-03-17
2024-03-13	REG33832	IL PIU' ATLETICO INDOOR	https://www.fidal.it/calendario/IL-PIU-ATLETICO-INDOOR/REG33832	https://www.fidal.it/risultati/2024/REG33832/Index.htm	https://www.fidal.it/risultati/2024/REG33832/Risultati/IndexRisultatiPerGara.html	Nuovo	ok	2024-04-12
2024-03-17	REG34965	Aosta - Meeting Indoor Esordienti	https://www.fidal.it/calendario/Aosta-Meeting-Indoor-Esordienti/REG34965	https://www.fidal.it/risultati/2024/REG34965/Index.htm	https://www.fidal.it/risultati/2024/REG34965/Risultati/IndexRisultatiPerGara.html	Nuovo	ok	2024-04-12
2024-03-17	REG34270	Trofeo Regionale di Prove Multiple Indoor 3^prova (Ci/e)	https://www.fidal.it/calendario/Trofeo-Regionale-di-Prove-Multiple-Indoor-3^prova-(Ci-e)/REG34270	https://www.fidal.it/risultati/2024/REG34270/Index.htm	https://www.fidal.it/risultati/2024/REG34270/Index.htm	Vecchissimo	ok	2024-04-12
2024-03-17	REG33953	TROFEO delle PROVINCE VENETE INDOOR	https://www.fidal.it/calendario/TROFEO-delle-PROVINCE-VENETE-INDOOR/REG33953	https://www.fidal.it/risultati/2024/REG33953/Index.htm	https://www.fidal.it/risultati/2024/REG33953/Risultati/IndexRisultatiPerGara.html	Nuovo	ok	2024-04-12
2024-03-23	COD11520	CAMPIONATI EUROPEI INDOOR MASTER	https://www.fidal.it/calendario/CAMPIONATI-EUROPEI-INDOOR-MASTER/COD11520				Gara non esistente	2024-04-12
2024-03-23	REG34233	VR - Triathlon Provinciale Indoor Esordienti	https://www.fidal.it/calendario/VR-Triathlon-Provinciale-Indoor-Esordienti/REG34233				Gara non esistente	2024-04-12
2024-03-23	REG35098	Esordiamo 2024	https://www.fidal.it/calendario/Esordiamo-2024/REG35098				Gara non esistente	2024-04-12
2024-03-23	REG35874	INDOOR MALENCA	https://www.fidal.it/calendario/INDOOR-MALENCA/REG35874				Gara non esistente	2024-04-12
