Prestazione,Atleta,Cat.,Anno,Societ√†,Disciplina,Gara
5.93,BAZZONI Pietro,SM,2000.0,VR784 FONDAZIONE M. BENTEGODI,50m,https://www.fidal.it/risultati/2024/REG33597/Gara056.htm
5.97,GAVAGNI Nicholas,JM,2006.0,FI002 ATLETICA FIRENZE MARATHON S.S.,50m,https://www.fidal.it/risultati/2024/REG34028/Gara356.htm
6.04,HABA Gianmarco,PM,2002.0,NA982 ATLETICA LEGGERA PORTICI,50m,https://www.fidal.it/risultati/2024/REG34129/Risultati/Gara056.html
6.06,BIANCARDI Luca,SM,2000.0,SV070 ATLETICA ARCOBALENO SAVONA,50m,https://www.fidal.it/risultati/2024/REG34028/Gara156.htm
6.06,RIGOGOLO Giuseppe,SM,1994.0,BA005 AMATORI ATL. ACQUAVIVA,50m,https://www.fidal.it/risultati/2024/REG34129/Risultati/Gara056.html
6.08,SCARPATI Riccardo,PM,2004.0,CE033 ASD ARCA ATL.AVERSA A.AVERSANO,50m,https://www.fidal.it/risultati/2024/REG34129/Risultati/Gara056.html
6.09,BIANCHINI Giacomo,SM,1999.0,LI036 ATLETICA LIVORNO,50m,https://www.fidal.it/risultati/2024/REG34024/Gara156.htm
6.14,ZANINI Nicolo',PM,2002.0,BG045 ATL. PIANURA BERGAMASCA,50m,https://www.fidal.it/risultati/2024/REG33597/Gara056.htm
6.15,GALLI Lorenzo,PM,2004.0,PI081 ATLETICA CASCINA,50m,https://www.fidal.it/risultati/2024/REG34028/Gara156.htm
6.17,RICCARDI Ciro,SM,1992.0,CE033 ASD ARCA ATL.AVERSA A.AVERSANO,50m,https://www.fidal.it/risultati/2024/REG34129/Risultati/Gara056.html
6.19,GIORGIANNI Andrea emanu,JM,2005.0,ME102 A.S. DILETT. ATL.VILLAFRANCA,50m,https://www.fidal.it/risultati/2024/REG34129/Risultati/Gara056.html
6.19,CANAVESI Stefano,SM,1999.0,CO976 A.S.D. ATLETICA ANDROMEDA,50m,https://www.fidal.it/risultati/2024/REG33597/Gara056.htm
6.19,BADJI Bokar,SM35,1988.0,MO052 A.S. LA FRATELLANZA 1874,50m,https://www.fidal.it/risultati/2024/REG33597/Gara056.htm
6.2,MATASSONI Matteo,JM,2006.0,AR058 POL. RINASCITA MONTEVARCHI,50m,https://www.fidal.it/risultati/2024/REG34024/Gara156.htm
6.2,ANYANWU Vittorio Chinwe,SM,2001.0,GE003 S.S. TRIONFO LIGURE,50m,https://www.fidal.it/risultati/2024/REG34212/Gara156.htm
6.2,FORNACA Dario Matteo,SM,2000.0,GE002 A.S.D. C.U.S. GENOVA,50m,https://www.fidal.it/risultati/2024/REG34212/Gara156.htm
6.21,PETRETTI Gerardo,PM,2004.0,SA127 IDEATLETICA AURORA,50m,https://www.fidal.it/risultati/2024/REG34129/Risultati/Gara056.html
6.21,FALLANI Leonardo,PM,2003.0,PO149 ASD ATLETICA PRATO,50m,https://www.fidal.it/risultati/2024/REG34024/Gara156.htm
6.22,PASTORINO Mattia,SM,1997.0,TO016 ASDP ATLETICA PINEROLO,50m,https://www.fidal.it/risultati/2024/REG34024/Gara156.htm
6.22,LICCARDO Marco,AM,2007.0,RE105 G.S.SELF ATL. MONTANARI GRUZZA,50m,https://www.fidal.it/risultati/2024/REG33597/Gara056.htm
6.22,RIGANATI Emanuele,AM,2008.0,CT734 ASD ALTIS ATHLETICS,50m,https://www.fidal.it/risultati/2024/REG33597/Gara056.htm
6.23,POLLICINO Niccolo',PM,2004.0,PT115 PISTOIATLETICA 1983,50m,https://www.fidal.it/risultati/2024/REG34024/Gara156.htm
6.23,OMOROWA Presley Eghosae,JM,2006.0,BG045 ATL. PIANURA BERGAMASCA,50m,https://www.fidal.it/risultati/2024/REG33597/Gara056.htm
6.23,FELICETTI Davide,AM,2007.0,LI035 ATL.LIBERTAS UNICUSANO LIVORNO,50m,https://www.fidal.it/risultati/2024/REG34028/Gara556.htm
6.23,LASKO Stiven,JM,2005.0,PI081 ATLETICA CASCINA,50m,https://www.fidal.it/risultati/2024/REG34212/Gara156.htm
6.23,NOCERINO Francesco,SM,1998.0,RM363 SSD NISSOLINO SPORT SRL ASU,50m,https://www.fidal.it/risultati/2024/REG34129/Risultati/Gara056.html
6.23,FEREIDOUNI Gabriele,JM,2006.0,GE002 A.S.D. C.U.S. GENOVA,50m,https://www.fidal.it/risultati/2024/REG34028/Gara356.htm
6.24,RICCARDI Francesco mari,JM,2006.0,SA127 IDEATLETICA AURORA,50m,https://www.fidal.it/risultati/2024/REG34129/Risultati/Gara056.html
6.24,FACCHIELLI Claudio,SM,1995.0,FI002 ATLETICA FIRENZE MARATHON S.S.,50m,https://www.fidal.it/risultati/2024/REG34212/Gara156.htm
6.24,SERRA Nicola,JM,2006.0,LI038 CENTRO ATLETICA PIOMBINO,50m,https://www.fidal.it/risultati/2024/REG34028/Gara356.htm
6.24,BOMBANA Christian Feder,AM,2008.0,VR761 ATL. INSIEME VERONA,50m,https://www.fidal.it/risultati/2024/REG33597/Gara056.htm
6.25,ASSANTI Ugo,SM,1992.0,CE033 ASD ARCA ATL.AVERSA A.AVERSANO,50m,https://www.fidal.it/risultati/2024/REG34129/Risultati/Gara056.html
6.26,ALVINO Luca,SM,1996.0,NA997 ASD NEW ATLETICA AFRAGOLA,50m,https://www.fidal.it/risultati/2024/REG34129/Risultati/Gara056.html
6.26,D'AUMILLER Giulio,AM,2007.0,VR784 FONDAZIONE M. BENTEGODI,50m,https://www.fidal.it/risultati/2024/REG33597/Gara056.htm
6.27,CIRELLI Davide,JM,2006.0,CR150 ASD INTERFLUMINA E' PIU' POMI',50m,https://www.fidal.it/risultati/2024/REG33597/Gara056.htm
6.27,ESPOSITO Francesco,PM,2004.0,SA128 A.S.D. ATL. AGROPOLI,50m,https://www.fidal.it/risultati/2024/REG34129/Risultati/Gara056.html
6.27,ANGELI Giacomo,SM35,1989.0,PO149 ASD ATLETICA PRATO,50m,https://www.fidal.it/risultati/2024/REG34024/Gara356.htm
6.27,BEDESCHI Alessandro,AM,2007.0,TO016 ASDP ATLETICA PINEROLO,50m,https://www.fidal.it/risultati/2024/REG34024/Gara156.htm
6.27,SALVADORI Zeno,JM,2005.0,PT115 PISTOIATLETICA 1983,50m,https://www.fidal.it/risultati/2024/REG34212/Gara156.htm
6.28,BRICCHI Francesco,PM,2003.0,PR068 C.U.S. PARMA,50m,https://www.fidal.it/risultati/2024/REG33597/Gara056.htm
6.29,CINCINELLI Riccardo,JM,2005.0,FI002 ATLETICA FIRENZE MARATHON S.S.,50m,https://www.fidal.it/risultati/2024/REG34028/Gara356.htm
6.29,GIOVINAZZO Giacomo,JM,2006.0,LI035 ATL.LIBERTAS UNICUSANO LIVORNO,50m,https://www.fidal.it/risultati/2024/REG34028/Gara356.htm
6.29,DIECI Lorenzo,PM,2003.0,PR068 C.U.S. PARMA,50m,https://www.fidal.it/risultati/2024/REG33597/Gara056.htm
6.3,SCOLA Tommaso,JM,2006.0,IM029 ASD MAURINA OLIO CARLI,50m,https://www.fidal.it/risultati/2024/REG34024/Gara156.htm
6.3,ASSOHOUN IEMMI Christop,AM,2007.0,RE128 ATL. REGGIO ASD,50m,https://www.fidal.it/risultati/2024/REG33597/Gara056.htm
6.3,LIPPI Matteo,AM,2007.0,GE002 A.S.D. C.U.S. GENOVA,50m,https://www.fidal.it/risultati/2024/REG34212/Gara156.htm
6.31,FOCHI Jacopo,PM,2003.0,PC461 A.S.D. ATLETICA CINQUE CERCHI,50m,https://www.fidal.it/risultati/2024/REG33597/Gara056.htm
6.32,CONSORTI Giacomo,SM35,1989.0,CO023 ATL. ROVELLASCA,50m,https://www.fidal.it/risultati/2024/REG33597/Gara056.htm
6.32,TALERICO Gabriele,JM,2006.0,RI223 ATL.STUD. RIETI ANDREA MILARDI,50m,https://www.fidal.it/risultati/2024/REG34129/Risultati/Gara056.html
6.33,GHIZZARDI Giordano,SM,2000.0,BS575 ATL. VIRTUS CASTENEDOLO,50m,https://www.fidal.it/risultati/2024/REG33597/Gara056.htm
6.33,ZINGAROPOLI Eugenio,SM,1992.0,PT487 MONTECATINI MARATHON ASD,50m,https://www.fidal.it/risultati/2024/REG34028/Gara156.htm
6.34,CARDOSO LAYNES Leonardo,PM,2002.0,FI002 ATLETICA FIRENZE MARATHON S.S.,50m,https://www.fidal.it/risultati/2024/REG34028/Gara156.htm
6.34,FAZZI Federico,JM,2005.0,SI377 UISP ABBADIA SAN SALVATORE,50m,https://www.fidal.it/risultati/2024/REG34028/Gara356.htm
6.34,BOSELLI Giacomo,JM,2005.0,PR068 C.U.S. PARMA,50m,https://www.fidal.it/risultati/2024/REG33597/Gara056.htm
6.34,LARESE Giovanni,SM,2001.0,CO037 POLISPORTIVA COLVERDE,50m,https://www.fidal.it/risultati/2024/REG33597/Gara056.htm
6.35,CANALE Marco,PM,2004.0,PI081 ATLETICA CASCINA,50m,https://www.fidal.it/risultati/2024/REG34212/Gara156.htm
6.35,STRADI Francesco,JM,2006.0,RE128 ATL. REGGIO ASD,50m,https://www.fidal.it/risultati/2024/REG34024/Gara156.htm
6.35,PASCALE Maurizio,SM,1994.0,AO004 ATLETICA SANDRO CALVESI,50m,https://www.fidal.it/risultati/2024/REG34024/Gara156.htm
6.36,UCCHEDDU Mattia,SM,2001.0,GE003 S.S. TRIONFO LIGURE,50m,https://www.fidal.it/risultati/2024/REG34212/Gara156.htm
6.37,TOCU Riccardo,AM,2007.0,RE105 G.S.SELF ATL. MONTANARI GRUZZA,50m,https://www.fidal.it/risultati/2024/REG33597/Gara056.htm
6.37,CONGIU Andrea,AM,2007.0,FI002 ATLETICA FIRENZE MARATHON S.S.,50m,https://www.fidal.it/risultati/2024/REG34028/Gara556.htm
6.37,ALLORI Milo,AM,2008.0,PT115 PISTOIATLETICA 1983,50m,https://www.fidal.it/risultati/2024/REG34212/Gara156.htm
6.37,IEMMI Davide,PM,2004.0,PR068 C.U.S. PARMA,50m,https://www.fidal.it/risultati/2024/REG33597/Gara056.htm
6.38,SPIRINO David,AM,2008.0,FI002 ATLETICA FIRENZE MARATHON S.S.,50m,https://www.fidal.it/risultati/2024/REG34028/Gara556.htm
6.38,VERONA Gabriele,JM,2006.0,RE128 ATL. REGGIO ASD,50m,https://www.fidal.it/risultati/2024/REG33597/Gara056.htm
6.38,PINOTTI Edoardo,SM,2001.0,MN043 ASD LIB. MANTOVA MASCH-FEMM.,50m,https://www.fidal.it/risultati/2024/REG33597/Gara056.htm
6.38,RUTILI Andrea,PM,2004.0,LU104 ATL.PIETRASANTA VERSILIA,50m,https://www.fidal.it/risultati/2024/REG34024/Gara156.htm
6.39,YANG Angelo,PM,2003.0,FI002 ATLETICA FIRENZE MARATHON S.S.,50m,https://www.fidal.it/risultati/2024/REG34028/Gara156.htm
6.39,BERNARDINI Matteo,AM,2007.0,AR053 ALGA ATLETICA AREZZO,50m,https://www.fidal.it/risultati/2024/REG34028/Gara556.htm
6.4,FISCALE Pasquale,PM,2003.0,CE033 ASD ARCA ATL.AVERSA A.AVERSANO,50m,https://www.fidal.it/risultati/2024/REG34129/Risultati/Gara056.html
6.4,PELLE Ennis,AM,2007.0,IM029 ASD MAURINA OLIO CARLI,50m,https://www.fidal.it/risultati/2024/REG34024/Gara156.htm
6.4,BARONE Domenico,JM,2005.0,PT115 PISTOIATLETICA 1983,50m,https://www.fidal.it/risultati/2024/REG34028/Gara356.htm
6.41,MARGARITA Cristian,JM,2006.0,LU104 ATL.PIETRASANTA VERSILIA,50m,https://www.fidal.it/risultati/2024/REG34028/Gara356.htm
6.41,BARNI Lorenzo,SM,1999.0,FI002 ATLETICA FIRENZE MARATHON S.S.,50m,https://www.fidal.it/risultati/2024/REG34024/Gara156.htm
6.42,GAROFOLI Andrea,JM,2006.0,LI036 ATLETICA LIVORNO,50m,https://www.fidal.it/risultati/2024/REG34028/Gara356.htm
6.42,DE LUCIA Jacopo,AM,2008.0,CE033 ASD ARCA ATL.AVERSA A.AVERSANO,50m,https://www.fidal.it/risultati/2024/REG34129/Risultati/Gara056.html
6.44,FANTI Matteo,JM,2005.0,RE105 G.S.SELF ATL. MONTANARI GRUZZA,50m,https://www.fidal.it/risultati/2024/REG33597/Gara056.htm
6.44,BUOMPRISCO Gianmarco,AM,2007.0,SA126 ASD NISSOLINO ATL. VIS NOVA SA,50m,https://www.fidal.it/risultati/2024/REG34129/Risultati/Gara056.html
6.44,MICHELOTTI Filippo,JM,2005.0,PI081 ATLETICA CASCINA,50m,https://www.fidal.it/risultati/2024/REG34212/Gara156.htm
6.44,PALMIERI Christian,PM,2003.0,FI018 TOSCANA ATLETICA JOLLY,50m,https://www.fidal.it/risultati/2024/REG34028/Gara156.htm
6.44,MATTOLINI Francesco,JM,2005.0,LI036 ATLETICA LIVORNO,50m,https://www.fidal.it/risultati/2024/REG34028/Gara356.htm
6.45,BAMBA Anliyou,JM,2006.0,BG045 ATL. PIANURA BERGAMASCA,50m,https://www.fidal.it/risultati/2024/REG33597/Gara056.htm
6.45,MERETO Enrico,JM,2006.0,GE002 A.S.D. C.U.S. GENOVA,50m,https://www.fidal.it/risultati/2024/REG34212/Gara156.htm
6.45,SALTALAMACCHIA Andrea d,AM,2007.0,NA965 RUNNING CLUB NAPOLI,50m,https://www.fidal.it/risultati/2024/REG34129/Risultati/Gara056.html
6.46,PANARO Michele,AM,2007.0,CE033 ASD ARCA ATL.AVERSA A.AVERSANO,50m,https://www.fidal.it/risultati/2024/REG34129/Risultati/Gara056.html
6.46,BOVANI Luca,JM,2006.0,PT115 PISTOIATLETICA 1983,50m,https://www.fidal.it/risultati/2024/REG34028/Gara356.htm
6.46,LONGO Mario,SM60,1964.0,SA126 ASD NISSOLINO ATL. VIS NOVA SA,50m,https://www.fidal.it/risultati/2024/REG34129/Risultati/Gara056.html
6.46,GRIECO Raffaele,JM,2005.0,SA138 A.S.D. CARMAX CAMALDOLESE,50m,https://www.fidal.it/risultati/2024/REG34129/Risultati/Gara056.html
6.47,GRASSI Giovanni,JM,2005.0,SP042 A.S. ATLETICA SARZANA,50m,https://www.fidal.it/risultati/2024/REG34212/Gara156.htm
6.47,BERTINI Luca,JM,2005.0,PI081 ATLETICA CASCINA,50m,https://www.fidal.it/risultati/2024/REG34212/Gara156.htm
6.47,ESPOSITO Achille,AM,2007.0,PT487 MONTECATINI MARATHON ASD,50m,https://www.fidal.it/risultati/2024/REG34028/Gara556.htm
6.48,CONSOLATI Gioele,JM,2005.0,FI002 ATLETICA FIRENZE MARATHON S.S.,50m,https://www.fidal.it/risultati/2024/REG34024/Gara156.htm
6.48,PIEROTTI Leonardo,JM,2006.0,LU100 A.S. ATLETICA VIRTUS LUCCA,50m,https://www.fidal.it/risultati/2024/REG34024/Gara156.htm
6.48,CRISA' Alessandro,JM,2005.0,SP573 ASD ATLETICA SPEZIA DUFERCO,50m,https://www.fidal.it/risultati/2024/REG34212/Gara156.htm
6.48,CASARINO Alessandro,JM,2006.0,SV070 ATLETICA ARCOBALENO SAVONA,50m,https://www.fidal.it/risultati/2024/REG34028/Gara356.htm
6.49,BONACINA Nicola,AM,2007.0,BG045 ATL. PIANURA BERGAMASCA,50m,https://www.fidal.it/risultati/2024/REG33597/Gara056.htm
6.49,PERACCA Zeno,JM,2006.0,CO037 POLISPORTIVA COLVERDE,50m,https://www.fidal.it/risultati/2024/REG33597/Gara056.htm
6.49,PELLEGRINI Tommaso,AM,2008.0,FI002 ATLETICA FIRENZE MARATHON S.S.,50m,https://www.fidal.it/risultati/2024/REG34028/Gara556.htm
6.5,BONDIOLI Antonio,AM,2008.0,PR068 C.U.S. PARMA,50m,https://www.fidal.it/risultati/2024/REG33597/Gara056.htm
6.5,D'ASCIA Raffaele,PM,2004.0,LU104 ATL.PIETRASANTA VERSILIA,50m,https://www.fidal.it/risultati/2024/REG34024/Gara156.htm
6.5,SORDI Tommaso,JM,2006.0,FI407 POLISPORTIVA I'GIGLIO,50m,https://www.fidal.it/risultati/2024/REG34024/Gara156.htm
6.5,DI PALMA Giuseppe,SM,1998.0,SA126 ASD NISSOLINO ATL. VIS NOVA SA,50m,https://www.fidal.it/risultati/2024/REG34129/Risultati/Gara056.html
6.5,BIGI Francesco,AM,2007.0,RE128 ATL. REGGIO ASD,50m,https://www.fidal.it/risultati/2024/REG34024/Gara156.htm
6.5,GALLENI Filippo,AM,2008.0,LU104 ATL.PIETRASANTA VERSILIA,50m,https://www.fidal.it/risultati/2024/REG34024/Gara156.htm
6.5,DIGIACOMO Gabriele,JM,2006.0,MN043 ASD LIB. MANTOVA MASCH-FEMM.,50m,https://www.fidal.it/risultati/2024/REG33597/Gara056.htm
6.51,COLTELLI Simone,AM,2008.0,LI035 ATL.LIBERTAS UNICUSANO LIVORNO,50m,https://www.fidal.it/risultati/2024/REG34028/Gara556.htm
6.51,GRISENTI Federico,SM,2000.0,PR068 C.U.S. PARMA,50m,https://www.fidal.it/risultati/2024/REG33597/Gara056.htm
6.51,TINTORI Corrado,AM,2008.0,LU104 ATL.PIETRASANTA VERSILIA,50m,https://www.fidal.it/risultati/2024/REG34028/Gara556.htm
6.51,MELANI Simone,AM,2007.0,LU100 A.S. ATLETICA VIRTUS LUCCA,50m,https://www.fidal.it/risultati/2024/REG34024/Gara156.htm
6.52,TENGA Fabio,JM,2006.0,BN800 LIBERTAS AMATORI ATLETICA LEGG,50m,https://www.fidal.it/risultati/2024/REG34129/Risultati/Gara056.html
6.52,ORSELLI Giulio,AM,2008.0,FI018 TOSCANA ATLETICA JOLLY,50m,https://www.fidal.it/risultati/2024/REG34212/Gara156.htm
6.52,DE MARCO Giuseppe,SM,1999.0,PI071 CUS PISA,50m,https://www.fidal.it/risultati/2024/REG34212/Gara156.htm
6.52,PANICHI Tommaso,AM,2008.0,FI002 ATLETICA FIRENZE MARATHON S.S.,50m,https://www.fidal.it/risultati/2024/REG34028/Gara556.htm
6.53,MORTALI Pietro,AM,2008.0,PR068 C.U.S. PARMA,50m,https://www.fidal.it/risultati/2024/REG33597/Gara056.htm
6.53,DI LEONARDO Francesco,SM50,1974.0,MO052 A.S. LA FRATELLANZA 1874,50m,https://www.fidal.it/risultati/2024/REG33597/Gara056.htm
6.53,VOLTA Tommaso,PM,2004.0,PR068 C.U.S. PARMA,50m,https://www.fidal.it/risultati/2024/REG33597/Gara056.htm
6.54,MORETTI Lapo Raul,JM,2006.0,FI018 TOSCANA ATLETICA JOLLY,50m,https://www.fidal.it/risultati/2024/REG34024/Gara156.htm
6.54,TIRADRITTI Nicola,AM,2008.0,LI036 ATLETICA LIVORNO,50m,https://www.fidal.it/risultati/2024/REG34028/Gara556.htm
6.54,PEDRESCHI Gaia,SF,1998.0,BS181 ATL. BRESCIA 1950,50m,https://www.fidal.it/risultati/2024/REG33597/Gara156.htm
6.54,PANCRAZZI Alessio,SM,1998.0,FI009 PROSPORT ATL. FIRENZE,50m,https://www.fidal.it/risultati/2024/REG34212/Gara156.htm
6.54,BERTOLINI Tommaso,JM,2006.0,MS088 POL. PONTREMOLESE,50m,https://www.fidal.it/risultati/2024/REG34212/Gara156.htm
6.54,HAMUD Gabriel,JM,2005.0,FI002 ATLETICA FIRENZE MARATHON S.S.,50m,https://www.fidal.it/risultati/2024/REG34024/Gara156.htm
6.55,AGU Chinedu,SM,2001.0,GE003 S.S. TRIONFO LIGURE,50m,https://www.fidal.it/risultati/2024/REG34212/Gara156.htm
6.55,DI SALVO Giulio,AM,2007.0,FI002 ATLETICA FIRENZE MARATHON S.S.,50m,https://www.fidal.it/risultati/2024/REG34024/Gara156.htm
6.55,ESPOSITO Vincenzo,JM,2006.0,CE907 ATLETICA MARCIANISE A.S.D,50m,https://www.fidal.it/risultati/2024/REG34129/Risultati/Gara056.html
6.56,MARIANO Marino,SM35,1987.0,NA064 A.P.D. AMATORI ATLETICA NAPOLI,50m,https://www.fidal.it/risultati/2024/REG34129/Risultati/Gara056.html
6.56,ALVINO Antonio,SM,1990.0,NA997 ASD NEW ATLETICA AFRAGOLA,50m,https://www.fidal.it/risultati/2024/REG34129/Risultati/Gara056.html
6.57,COCCO Simone shuva,AM,2007.0,RM362 A.S.D. ATLETICA TOR TRE TESTE,50m,https://www.fidal.it/risultati/2024/REG34129/Risultati/Gara056.html
6.58,GORI Edoardo,AM,2008.0,LI035 ATL.LIBERTAS UNICUSANO LIVORNO,50m,https://www.fidal.it/risultati/2024/REG34028/Gara556.htm
6.58,GAMBERUCCI Lapo,JM,2005.0,SI043 UISP ATLETICA SIENA,50m,https://www.fidal.it/risultati/2024/REG34028/Gara356.htm
6.58,PACCONE Vincenzo,JM,2005.0,CE033 ASD ARCA ATL.AVERSA A.AVERSANO,50m,https://www.fidal.it/risultati/2024/REG34129/Risultati/Gara056.html
6.58,GAROFOLI Alessandro,SM50,1971.0,FI018 TOSCANA ATLETICA JOLLY,50m,https://www.fidal.it/risultati/2024/REG34024/Gara356.htm
6.59,GILIBERTI Flavio,JM,2005.0,FI009 PROSPORT ATL. FIRENZE,50m,https://www.fidal.it/risultati/2024/REG34028/Gara356.htm
6.59,PAVARANI Giorgio,JM,2006.0,RE105 G.S.SELF ATL. MONTANARI GRUZZA,50m,https://www.fidal.it/risultati/2024/REG33597/Gara056.htm
6.59,ANGELI Lorenzo,AM,2007.0,LU104 ATL.PIETRASANTA VERSILIA,50m,https://www.fidal.it/risultati/2024/REG34024/Gara156.htm
6.59,FABRIZZI Lorenzo,SM,2001.0,FI407 POLISPORTIVA I'GIGLIO,50m,https://www.fidal.it/risultati/2024/REG34212/Gara156.htm
6.6,D'ORLANDO Davide,PM,2003.0,NA541 A.S.D. ATLETICA VIRGILIANO,50m,https://www.fidal.it/risultati/2024/REG34129/Risultati/Gara056.html
6.6,CORSINI Marco,AM,2008.0,GE002 A.S.D. C.U.S. GENOVA,50m,https://www.fidal.it/risultati/2024/REG34028/Gara556.htm
6.6,INVERNIZZI Beatrice,SF,2001.0,MI221 BRACCO ATLETICA,50m,https://www.fidal.it/risultati/2024/REG33597/Gara156.htm
6.6,PAGNINI Daniele,SM,1994.0,PI071 CUS PISA,50m,https://www.fidal.it/risultati/2024/REG34212/Gara156.htm
6.6,CHELLINI Federico,AM,2008.0,GE003 S.S. TRIONFO LIGURE,50m,https://www.fidal.it/risultati/2024/REG34212/Gara156.htm
6.61,BISPO DOS SANTOS Federi,CM,2009.0,BN800 LIBERTAS AMATORI ATLETICA LEGG,50m,https://www.fidal.it/risultati/2024/REG34129/Risultati/Gara256.html
6.61,CRISTOFANI Lapo,PM,2004.0,PT120 ATL.PESCIA,50m,https://www.fidal.it/risultati/2024/REG34212/Gara156.htm
6.61,LICENZIATO Simone,PM,2002.0,NA965 RUNNING CLUB NAPOLI,50m,https://www.fidal.it/risultati/2024/REG34129/Risultati/Gara056.html
6.62,PALLAORO Emanuele,AM,2007.0,SI043 UISP ATLETICA SIENA,50m,https://www.fidal.it/risultati/2024/REG34212/Gara156.htm
6.62,TAFA Matteo,AM,2008.0,PT487 MONTECATINI MARATHON ASD,50m,https://www.fidal.it/risultati/2024/REG34028/Gara556.htm
6.62,GIANNOTTI Gabriele,JM,2006.0,LU100 A.S. ATLETICA VIRTUS LUCCA,50m,https://www.fidal.it/risultati/2024/REG34024/Gara156.htm
6.63,SARTI Camilla,SF,2000.0,FI007 TOSCANA ATL.EMPOLI NISSAN,50m,https://www.fidal.it/risultati/2024/REG33597/Gara156.htm
6.63,MADONNA Gianpio antonio,AM,2007.0,CE907 ATLETICA MARCIANISE A.S.D,50m,https://www.fidal.it/risultati/2024/REG34129/Risultati/Gara056.html
6.63,TARTAGLIA Saverio,JM,2005.0,BN800 LIBERTAS AMATORI ATLETICA LEGG,50m,https://www.fidal.it/risultati/2024/REG34129/Risultati/Gara056.html
6.64,MAESTRIPIERI Massimilia,SM,1999.0,PT115 PISTOIATLETICA 1983,50m,https://www.fidal.it/risultati/2024/REG34028/Gara156.htm
6.64,ALBERTI Eleonora,SF,2000.0,VA130 N. ATL. VARESE,50m,https://www.fidal.it/risultati/2024/REG33597/Gara156.htm
6.65,DE MARINO Manuel,AM,2008.0,SA127 IDEATLETICA AURORA,50m,https://www.fidal.it/risultati/2024/REG34129/Risultati/Gara056.html
6.65,TESTORI Francesco,AM,2007.0,CO037 POLISPORTIVA COLVERDE,50m,https://www.fidal.it/risultati/2024/REG33597/Gara056.htm
6.66,MAZZA Valerio,AM,2008.0,SA645 ASD DONATELLA EBOLI ATLETICA,50m,https://www.fidal.it/risultati/2024/REG34129/Risultati/Gara056.html
6.66,PALMIERE Achille,JM,2006.0,SV070 ATLETICA ARCOBALENO SAVONA,50m,https://www.fidal.it/risultati/2024/REG34028/Gara356.htm
6.66,BAZZICHI Tommaso,JM,2006.0,LU104 ATL.PIETRASANTA VERSILIA,50m,https://www.fidal.it/risultati/2024/REG34028/Gara356.htm
6.67,VIGLIOTTA Gianclemente,PM,2003.0,NA988 ATLETICA ARENACCIA,50m,https://www.fidal.it/risultati/2024/REG34129/Risultati/Gara056.html
6.67,ANDREAZZOLI Mattia,PM,2004.0,LU100 A.S. ATLETICA VIRTUS LUCCA,50m,https://www.fidal.it/risultati/2024/REG34028/Gara156.htm
6.68,MORTALI Francesco,AM,2008.0,PR068 C.U.S. PARMA,50m,https://www.fidal.it/risultati/2024/REG33597/Gara056.htm
6.68,DE PIETRI Greta,PF,2002.0,RE128 ATL. REGGIO ASD,50m,https://www.fidal.it/risultati/2024/REG34024/Gara256.htm
6.68,DE LUCIA Paolino alberto,SM35,1986.0,SA128 A.S.D. ATL. AGROPOLI,50m,https://www.fidal.it/risultati/2024/REG34129/Risultati/Gara056.html
6.69,GIACCHERINI Edoardo,AM,2008.0,AR053 ALGA ATLETICA AREZZO,50m,https://www.fidal.it/risultati/2024/REG34028/Gara556.htm
6.7,TRINELLI Alessandro,PM,2002.0,NA064 A.P.D. AMATORI ATLETICA NAPOLI,50m,https://www.fidal.it/risultati/2024/REG34129/Risultati/Gara056.html
6.7,CONTI Gabriele,AM,2008.0,RM362 A.S.D. ATLETICA TOR TRE TESTE,50m,https://www.fidal.it/risultati/2024/REG34129/Risultati/Gara056.html
6.7,CAROTENUTO Luca,SM,1997.0,SA128 A.S.D. ATL. AGROPOLI,50m,https://www.fidal.it/risultati/2024/REG34129/Risultati/Gara056.html
6.7,GENNAI Lapo,AM,2007.0,FI002 ATLETICA FIRENZE MARATHON S.S.,50m,https://www.fidal.it/risultati/2024/REG34212/Gara156.htm
6.7,ROSSI Mattia,AM,2008.0,PI144 ASD PONTEDERA ATLETICA,50m,https://www.fidal.it/risultati/2024/REG34028/Gara556.htm
6.7,THIAW Matar,JM,2005.0,LU104 ATL.PIETRASANTA VERSILIA,50m,https://www.fidal.it/risultati/2024/REG34024/Gara156.htm
6.71,ZANCHI Leonardo,AM,2007.0,AR053 ALGA ATLETICA AREZZO,50m,https://www.fidal.it/risultati/2024/REG34028/Gara556.htm
6.71,SESSA Flavio,SM50,1973.0,SA126 ASD NISSOLINO ATL. VIS NOVA SA,50m,https://www.fidal.it/risultati/2024/REG34129/Risultati/Gara056.html
6.71,CONSOLI Pierfrancesco,AM,2008.0,CS364 ASD TIGER RUNNING CLUB,50m,https://www.fidal.it/risultati/2024/REG34129/Risultati/Gara056.html
6.71,MANSANI Lorenzo,SM,1995.0,LI038 CENTRO ATLETICA PIOMBINO,50m,https://www.fidal.it/risultati/2024/REG34028/Gara156.htm
6.71,GIRARDI Erik,AM,2008.0,PI081 ATLETICA CASCINA,50m,https://www.fidal.it/risultati/2024/REG34028/Gara556.htm
6.71,DEGLI INNOCENTI Saverio,AM,2008.0,FI003 G.S. LE PANCHE CASTELQUARTO,50m,https://www.fidal.it/risultati/2024/REG34028/Gara556.htm
6.71,SQUARCINI Matteo,AM,2008.0,PT115 PISTOIATLETICA 1983,50m,https://www.fidal.it/risultati/2024/REG34212/Gara156.htm
6.72,LUPTOVYCH Maksym,AM,2007.0,PR068 C.U.S. PARMA,50m,https://www.fidal.it/risultati/2024/REG33597/Gara056.htm
6.72,DELLA NOCE Martina,SF,2000.0,RE105 G.S.SELF ATL. MONTANARI GRUZZA,50m,https://www.fidal.it/risultati/2024/REG33597/Gara156.htm
6.72,CAMMARDELLA Federico,AM,2007.0,SA138 A.S.D. CARMAX CAMALDOLESE,50m,https://www.fidal.it/risultati/2024/REG34129/Risultati/Gara056.html
6.72,SALOMONE Dario,PM,2002.0,AV208 ASD ENTERPRISE SPORT & SERVICE,50m,https://www.fidal.it/risultati/2024/REG34129/Risultati/Gara056.html
6.72,MARTIGNETTI Emilio,JM,2006.0,NA965 RUNNING CLUB NAPOLI,50m,https://www.fidal.it/risultati/2024/REG34129/Risultati/Gara056.html
6.73,LIGNELLI Marco,SM,1997.0,PI144 ASD PONTEDERA ATLETICA,50m,https://www.fidal.it/risultati/2024/REG34212/Gara156.htm
6.73,BRESCIANI Carlo,JM,2005.0,LU100 A.S. ATLETICA VIRTUS LUCCA,50m,https://www.fidal.it/risultati/2024/REG34024/Gara156.htm
6.73,CILENTO Matteo,AM,2008.0,PT487 MONTECATINI MARATHON ASD,50m,https://www.fidal.it/risultati/2024/REG34028/Gara556.htm
6.73,PAOLINO Niccolo',JM,2006.0,FI002 ATLETICA FIRENZE MARATHON S.S.,50m,https://www.fidal.it/risultati/2024/REG34024/Gara156.htm
6.74,GAIONE Alberto,PM,2002.0,GE003 S.S. TRIONFO LIGURE,50m,https://www.fidal.it/risultati/2024/REG34212/Gara156.htm
6.74,LEO Riccardo,AM,2007.0,FI009 PROSPORT ATL. FIRENZE,50m,https://www.fidal.it/risultati/2024/REG34212/Gara156.htm
6.74,TANZI Tommaso,JM,2006.0,PR068 C.U.S. PARMA,50m,https://www.fidal.it/risultati/2024/REG33597/Gara056.htm
6.75,RIZZO Samuele,AM,2008.0,FI002 ATLETICA FIRENZE MARATHON S.S.,50m,https://www.fidal.it/risultati/2024/REG34028/Gara556.htm
6.75,SECHI Alessandro,AM,2007.0,PI071 CUS PISA,50m,https://www.fidal.it/risultati/2024/REG34212/Gara156.htm
6.75,MARINI Leonardo,SM55,1968.0,PO149 ASD ATLETICA PRATO,50m,https://www.fidal.it/risultati/2024/REG33597/Gara056.htm
6.75,SALVADORI Cosimo,AM,2007.0,PT115 PISTOIATLETICA 1983,50m,https://www.fidal.it/risultati/2024/REG34024/Gara156.htm
6.75,CORNACCHIONE Davide,JM,2006.0,BN800 LIBERTAS AMATORI ATLETICA LEGG,50m,https://www.fidal.it/risultati/2024/REG34129/Risultati/Gara056.html
6.75,ROMEO Andrea,JM,2006.0,PR068 C.U.S. PARMA,50m,https://www.fidal.it/risultati/2024/REG33597/Gara056.htm
6.76,PIRELLI Pietro,JM,2006.0,PI473 ASD SAN GIULIANO SPORT,50m,https://www.fidal.it/risultati/2024/REG34028/Gara356.htm
6.76,RUGGIERO Simone,JM,2006.0,NA064 A.P.D. AMATORI ATLETICA NAPOLI,50m,https://www.fidal.it/risultati/2024/REG34129/Risultati/Gara056.html
6.76,ROSSI Stefano,SM35,1989.0,FI021 ATL. CASTELLO,50m,https://www.fidal.it/risultati/2024/REG34028/Gara156.htm
6.77,HAPAN PEDIGE Tharusha d,JM,2006.0,NA064 A.P.D. AMATORI ATLETICA NAPOLI,50m,https://www.fidal.it/risultati/2024/REG34129/Risultati/Gara056.html
6.77,BELLINI Federico,JM,2006.0,FI018 TOSCANA ATLETICA JOLLY,50m,https://www.fidal.it/risultati/2024/REG34024/Gara156.htm
6.77,BORRELLI Tommaso,PM,2002.0,NA064 A.P.D. AMATORI ATLETICA NAPOLI,50m,https://www.fidal.it/risultati/2024/REG34129/Risultati/Gara056.html
6.77,CERBONE Nicola alessand,PM,2002.0,AV208 ASD ENTERPRISE SPORT & SERVICE,50m,https://www.fidal.it/risultati/2024/REG34129/Risultati/Gara056.html
6.77,SIMONINI Anna,AF,2008.0,LI332 C.G. ATLETICA COSTA ETRUSCA,50m,https://www.fidal.it/risultati/2024/REG34028/Gara656.htm
6.78,BOSELLI Andrea,AM,2008.0,PR068 C.U.S. PARMA,50m,https://www.fidal.it/risultati/2024/REG33597/Gara056.htm
6.78,MORRETTA Pasquale,CM,2009.0,SA645 ASD DONATELLA EBOLI ATLETICA,50m,https://www.fidal.it/risultati/2024/REG34129/Risultati/Gara256.html
6.78,CHIARO Donato,SM,1998.0,NA325 A. P. D. HIPPOS CAMPI FLEGREI,50m,https://www.fidal.it/risultati/2024/REG34129/Risultati/Gara056.html
6.78,FIORUCCI Flavio junio,CM,2009.0,RM362 A.S.D. ATLETICA TOR TRE TESTE,50m,https://www.fidal.it/risultati/2024/REG34129/Risultati/Gara256.html
6.79,PROVENZI Rebecca,PF,2002.0,BG045 ATL. PIANURA BERGAMASCA,50m,https://www.fidal.it/risultati/2024/REG33597/Gara156.htm
6.79,IGNOFFO Gaia Maria,SF,2001.0,PA001 A.S.D. C.U.S. PALERMO,50m,https://www.fidal.it/risultati/2024/REG33597/Gara156.htm
6.79,CARAIG Nel Steven,AM,2008.0,FI002 ATLETICA FIRENZE MARATHON S.S.,50m,https://www.fidal.it/risultati/2024/REG34024/Gara156.htm
6.8,ABELLI Matilde,AF,2008.0,AO001 ATLETICA COGNE AOSTA,50m,https://www.fidal.it/risultati/2024/REG34024/Gara256.htm
6.8,METALLA Elton,AM,2008.0,MO497 MODENA ATLETICA ASD,50m,https://www.fidal.it/risultati/2024/REG33597/Gara056.htm
6.8,LUTI Matteo,AM,2007.0,LU100 A.S. ATLETICA VIRTUS LUCCA,50m,https://www.fidal.it/risultati/2024/REG34028/Gara556.htm
6.8,SCOPINO Andrea,AM,2008.0,FI002 ATLETICA FIRENZE MARATHON S.S.,50m,https://www.fidal.it/risultati/2024/REG34028/Gara556.htm
6.81,DOLFI Tommaso,AM,2008.0,FI018 TOSCANA ATLETICA JOLLY,50m,https://www.fidal.it/risultati/2024/REG34028/Gara556.htm
6.81,PAOLINI Pietro,AM,2008.0,GR065 ATLETICA GROSSETO BANCA TEMA,50m,https://www.fidal.it/risultati/2024/REG34028/Gara556.htm
6.81,GIANNATIEMPO Giuseppe,JM,2006.0,CE717 ATLETICA MACASPORT ASD,50m,https://www.fidal.it/risultati/2024/REG34129/Risultati/Gara056.html
6.81,MILANI Margherita,JF,2006.0,LI036 ATLETICA LIVORNO,50m,https://www.fidal.it/risultati/2024/REG34028/Gara456.htm
6.81,REGGIONI Lorenzo,AM,2007.0,GE002 A.S.D. C.U.S. GENOVA,50m,https://www.fidal.it/risultati/2024/REG34212/Gara156.htm
6.81,DONINELLI Diego,SM,1993.0,BS575 ATL. VIRTUS CASTENEDOLO,50m,https://www.fidal.it/risultati/2024/REG33597/Gara056.htm
6.82,FATTORI Laura,SF,1998.0,RE128 ATL. REGGIO ASD,50m,https://www.fidal.it/risultati/2024/REG33597/Gara156.htm
6.82,BARCA Lorenzo,AM,2008.0,NA965 RUNNING CLUB NAPOLI,50m,https://www.fidal.it/risultati/2024/REG34129/Risultati/Gara056.html
6.82,DAVIDE Matteo,AM,2007.0,FI018 TOSCANA ATLETICA JOLLY,50m,https://www.fidal.it/risultati/2024/REG34212/Gara156.htm
6.82,D'AVINO Stefano,AM,2007.0,PT120 ATL.PESCIA,50m,https://www.fidal.it/risultati/2024/REG34212/Gara156.htm
6.82,GABBRICCI Gabriele,JM,2006.0,LI038 CENTRO ATLETICA PIOMBINO,50m,https://www.fidal.it/risultati/2024/REG34028/Gara356.htm
6.83,SBIRZIOLA Giuseppe,SM,1993.0,FI021 ATL. CASTELLO,50m,https://www.fidal.it/risultati/2024/REG34028/Gara156.htm
6.83,MASSAGLIA Aurora,JF,2006.0,LU100 A.S. ATLETICA VIRTUS LUCCA,50m,https://www.fidal.it/risultati/2024/REG34024/Gara256.htm
6.83,CHIRICO Pietro,AM,2007.0,CE033 ASD ARCA ATL.AVERSA A.AVERSANO,50m,https://www.fidal.it/risultati/2024/REG34129/Risultati/Gara056.html
6.83,GJURA Jurghen,PM,2004.0,PT115 PISTOIATLETICA 1983,50m,https://www.fidal.it/risultati/2024/REG34024/Gara156.htm
6.83,PARIGI Aurora,JF,2005.0,FI007 TOSCANA ATL.EMPOLI NISSAN,50m,https://www.fidal.it/risultati/2024/REG34028/Gara456.htm
6.83,AGOSTO Carlo,SM,1996.0,SV070 ATLETICA ARCOBALENO SAVONA,50m,https://www.fidal.it/risultati/2024/REG34024/Gara156.htm
6.83,PARLATO Asia,AF,2007.0,CT734 ASD ALTIS ATHLETICS,50m,https://www.fidal.it/risultati/2024/REG33597/Gara156.htm
6.84,BORSINI Francesca,PF,2003.0,PO149 ASD ATLETICA PRATO,50m,https://www.fidal.it/risultati/2024/REG34024/Gara256.htm
6.84,FIORINI Alan,AM,2008.0,RE346 ATL. CASTELNOVO MONTI,50m,https://www.fidal.it/risultati/2024/REG33597/Gara056.htm
6.84,SCLEP Jasper,AM,2008.0,PR068 C.U.S. PARMA,50m,https://www.fidal.it/risultati/2024/REG33597/Gara056.htm
6.84,KALUTARA KANKANAMALAGE,PM,2004.0,NA064 A.P.D. AMATORI ATLETICA NAPOLI,50m,https://www.fidal.it/risultati/2024/REG34129/Risultati/Gara056.html
6.85,PETRI Pietro,AM,2008.0,CE907 ATLETICA MARCIANISE A.S.D,50m,https://www.fidal.it/risultati/2024/REG34129/Risultati/Gara056.html
6.85,DE NICOLA Pasquale,SM,1996.0,NA965 RUNNING CLUB NAPOLI,50m,https://www.fidal.it/risultati/2024/REG34129/Risultati/Gara056.html
6.85,FALLERI Matteo,AM,2008.0,SP573 ASD ATLETICA SPEZIA DUFERCO,50m,https://www.fidal.it/risultati/2024/REG34212/Gara156.htm
6.85,MORETTINI Alessandro,AM,2007.0,GE002 A.S.D. C.U.S. GENOVA,50m,https://www.fidal.it/risultati/2024/REG34212/Gara156.htm
6.85,PETRUNYAK Denis,PM,2002.0,NA965 RUNNING CLUB NAPOLI,50m,https://www.fidal.it/risultati/2024/REG34129/Risultati/Gara056.html
6.86,GUARDUCCI Margherita,SF,2000.0,LI036 ATLETICA LIVORNO,50m,https://www.fidal.it/risultati/2024/REG34212/Gara256.htm
6.87,CARIDI Gabriele,PM,2002.0,GE003 S.S. TRIONFO LIGURE,50m,https://www.fidal.it/risultati/2024/REG34212/Gara156.htm
6.87,MARINI Pietro,AM,2007.0,GE003 S.S. TRIONFO LIGURE,50m,https://www.fidal.it/risultati/2024/REG34212/Gara156.htm
6.88,CAPONE Gabriele,CM,2009.0,AV208 ASD ENTERPRISE SPORT & SERVICE,50m,https://www.fidal.it/risultati/2024/REG34129/Risultati/Gara256.html
6.9,CASERTA Gianni,AM,2008.0,RE105 G.S.SELF ATL. MONTANARI GRUZZA,50m,https://www.fidal.it/risultati/2024/REG33597/Gara056.htm
6.9,ERCOLANO Fabio,CM,2009.0,NA189 ITACA,50m,https://www.fidal.it/risultati/2024/REG34129/Risultati/Gara256.html
6.9,GIUFFREDI Riccardo,AM,2008.0,PR068 C.U.S. PARMA,50m,https://www.fidal.it/risultati/2024/REG33597/Gara056.htm
6.91,CICERONE Giada,JF,2005.0,FI002 ATLETICA FIRENZE MARATHON S.S.,50m,https://www.fidal.it/risultati/2024/REG34028/Gara456.htm
6.91,BASILIO Onofrio,SM45,1976.0,SA146 ASDATL. ISAURA VALLE DELL'IRNO,50m,https://www.fidal.it/risultati/2024/REG34129/Risultati/Gara056.html
6.91,CARDULLO Gaia,AF,2007.0,PI081 ATLETICA CASCINA,50m,https://www.fidal.it/risultati/2024/REG34028/Gara656.htm
6.91,MESSINA Leonardo,SM,1996.0,AV208 ASD ENTERPRISE SPORT & SERVICE,50m,https://www.fidal.it/risultati/2024/REG34129/Risultati/Gara056.html
6.92,BRUNO Nicola,SM40,1980.0,SA126 ASD NISSOLINO ATL. VIS NOVA SA,50m,https://www.fidal.it/risultati/2024/REG34129/Risultati/Gara056.html
6.92,DE RIENZO Adriano,SM40,1980.0,SA146 ASDATL. ISAURA VALLE DELL'IRNO,50m,https://www.fidal.it/risultati/2024/REG34129/Risultati/Gara056.html
6.92,MAGLIA Giorgia,JF,2006.0,CO976 A.S.D. ATLETICA ANDROMEDA,50m,https://www.fidal.it/risultati/2024/REG33597/Gara156.htm
6.92,MOSSINELLI Laura,AF,2007.0,CO976 A.S.D. ATLETICA ANDROMEDA,50m,https://www.fidal.it/risultati/2024/REG33597/Gara156.htm
6.92,VIVIAN Ilaria,SF,2000.0,CO976 A.S.D. ATLETICA ANDROMEDA,50m,https://www.fidal.it/risultati/2024/REG33597/Gara156.htm
6.93,CORTESELLI Alberico,SM45,1975.0,AV208 ASD ENTERPRISE SPORT & SERVICE,50m,https://www.fidal.it/risultati/2024/REG34129/Risultati/Gara056.html
6.93,FERRARO Giuseppe,CM,2009.0,AV208 ASD ENTERPRISE SPORT & SERVICE,50m,https://www.fidal.it/risultati/2024/REG34129/Risultati/Gara256.html
6.93,SARZI MADDIDINI Sofia,AF,2007.0,PR068 C.U.S. PARMA,50m,https://www.fidal.it/risultati/2024/REG33597/Gara156.htm
6.93,CASCIARO Gaia,AF,2007.0,RM362 A.S.D. ATLETICA TOR TRE TESTE,50m,https://www.fidal.it/risultati/2024/REG34129/Risultati/Gara156.html
6.93,FILIE' Edoardo,AM,2008.0,LU104 ATL.PIETRASANTA VERSILIA,50m,https://www.fidal.it/risultati/2024/REG34028/Gara556.htm
6.94,PERNA Davide,JM,2005.0,NA064 A.P.D. AMATORI ATLETICA NAPOLI,50m,https://www.fidal.it/risultati/2024/REG34129/Risultati/Gara056.html
6.94,PETROSILLO Alfredo,SM,1997.0,CE033 ASD ARCA ATL.AVERSA A.AVERSANO,50m,https://www.fidal.it/risultati/2024/REG34129/Risultati/Gara056.html
6.94,MASI Alessia,JF,2005.0,CO976 A.S.D. ATLETICA ANDROMEDA,50m,https://www.fidal.it/risultati/2024/REG33597/Gara156.htm
6.95,ZENARO Andrea Giulia,AF,2007.0,VR784 FONDAZIONE M. BENTEGODI,50m,https://www.fidal.it/risultati/2024/REG33597/Gara156.htm
6.95,AIELLO Giulia,JF,2006.0,GE003 S.S. TRIONFO LIGURE,50m,https://www.fidal.it/risultati/2024/REG34212/Gara256.htm
6.96,STORTI Matilde,PF,2002.0,SP042 A.S. ATLETICA SARZANA,50m,https://www.fidal.it/risultati/2024/REG34212/Gara256.htm
6.97,MORONI Mattia,AM,2007.0,SO255 POL. ALBOSAGGIA,50m,https://www.fidal.it/risultati/2024/REG33597/Gara056.htm
6.97,PAGANO Mario,CM,2009.0,CE033 ASD ARCA ATL.AVERSA A.AVERSANO,50m,https://www.fidal.it/risultati/2024/REG34129/Risultati/Gara256.html
6.97,GAGLIARDI Antonio,JM,2006.0,CE033 ASD ARCA ATL.AVERSA A.AVERSANO,50m,https://www.fidal.it/risultati/2024/REG34129/Risultati/Gara056.html
6.97,NOYA Michael Angelo,AM,2007.0,LI035 ATL.LIBERTAS UNICUSANO LIVORNO,50m,https://www.fidal.it/risultati/2024/REG34028/Gara556.htm
6.97,LUCCOLI Caterina,PF,2003.0,GE003 S.S. TRIONFO LIGURE,50m,https://www.fidal.it/risultati/2024/REG34212/Gara256.htm
6.98,PAGNINI Davide,SM,1998.0,PI071 CUS PISA,50m,https://www.fidal.it/risultati/2024/REG34212/Gara156.htm
6.98,COSENTINO Fabrizio,CM,2010.0,AV208 ASD ENTERPRISE SPORT & SERVICE,50m,https://www.fidal.it/risultati/2024/REG34129/Risultati/Gara256.html
6.98,CAVAGNUOLO Mario,CM,2009.0,CE033 ASD ARCA ATL.AVERSA A.AVERSANO,50m,https://www.fidal.it/risultati/2024/REG34129/Risultati/Gara256.html
6.98,RINALDI Valentina,AF,2007.0,FI007 TOSCANA ATL.EMPOLI NISSAN,50m,https://www.fidal.it/risultati/2024/REG34024/Gara256.htm
6.99,FERNANDO Udugampolage s,CM,2009.0,NA064 A.P.D. AMATORI ATLETICA NAPOLI,50m,https://www.fidal.it/risultati/2024/REG34129/Risultati/Gara256.html
6.99,DE SILVA Lorenza,AF,2007.0,AR053 ALGA ATLETICA AREZZO,50m,https://www.fidal.it/risultati/2024/REG34028/Gara656.htm
6.99,CASTELLI Rebecca,JF,2006.0,VA130 N. ATL. VARESE,50m,https://www.fidal.it/risultati/2024/REG33597/Gara156.htm
7.0,MELUCCI Martino,AM,2008.0,LI035 ATL.LIBERTAS UNICUSANO LIVORNO,50m,https://www.fidal.it/risultati/2024/REG34028/Gara556.htm
7.01,MAGGI Andrea,AM,2008.0,LI035 ATL.LIBERTAS UNICUSANO LIVORNO,50m,https://www.fidal.it/risultati/2024/REG34028/Gara556.htm
7.01,NORIS Ambra,JF,2005.0,BG795 BERGAMO STARS ATLETICA,50m,https://www.fidal.it/risultati/2024/REG33597/Gara156.htm
7.01,VILLA Aurora,JF,2006.0,BG045 ATL. PIANURA BERGAMASCA,50m,https://www.fidal.it/risultati/2024/REG33597/Gara156.htm
7.02,COLLI Giulia,JF,2006.0,GR065 ATLETICA GROSSETO BANCA TEMA,50m,https://www.fidal.it/risultati/2024/REG34028/Gara456.htm
7.02,BERTI Niccolo,AM,2008.0,PT115 PISTOIATLETICA 1983,50m,https://www.fidal.it/risultati/2024/REG34212/Gara156.htm
7.02,BONATI Ettore,AM,2008.0,PR068 C.U.S. PARMA,50m,https://www.fidal.it/risultati/2024/REG33597/Gara056.htm
7.02,BERTORA Monica,SF,2000.0,GE002 A.S.D. C.U.S. GENOVA,50m,https://www.fidal.it/risultati/2024/REG34028/Gara256.htm
7.03,RALLO Biagio,AM,2008.0,NA965 RUNNING CLUB NAPOLI,50m,https://www.fidal.it/risultati/2024/REG34129/Risultati/Gara056.html
7.03,BINELLI Massimo,SM55,1966.0,PO149 ASD ATLETICA PRATO,50m,https://www.fidal.it/risultati/2024/REG34024/Gara356.htm
7.03,BOTTINO Chanda,SF,2001.0,LI036 ATLETICA LIVORNO,50m,https://www.fidal.it/risultati/2024/REG34212/Gara256.htm
7.03,MANERA Caterina,SF,1998.0,PR436 CIRCOLO MINERVA ASD,50m,https://www.fidal.it/risultati/2024/REG33597/Gara156.htm
7.03,ADORNI Noemi,PF,2004.0,PR068 C.U.S. PARMA,50m,https://www.fidal.it/risultati/2024/REG33597/Gara156.htm
7.04,ACETI Giorgia,JF,2005.0,BG795 BERGAMO STARS ATLETICA,50m,https://www.fidal.it/risultati/2024/REG33597/Gara156.htm
7.04,FRIGNANI Anna,PF,2004.0,MN043 ASD LIB. MANTOVA MASCH-FEMM.,50m,https://www.fidal.it/risultati/2024/REG33597/Gara156.htm
7.04,BRUNI Alessandro,AM,2008.0,AR053 ALGA ATLETICA AREZZO,50m,https://www.fidal.it/risultati/2024/REG34028/Gara556.htm
7.05,DELMIRANI Vittoria,AF,2008.0,GR065 ATLETICA GROSSETO BANCA TEMA,50m,https://www.fidal.it/risultati/2024/REG34028/Gara656.htm
7.06,DE CUSATIS Marco,AM,2008.0,SA126 ASD NISSOLINO ATL. VIS NOVA SA,50m,https://www.fidal.it/risultati/2024/REG34129/Risultati/Gara056.html
7.08,ASCIONE Vincenzo,SM50,1973.0,SA146 ASDATL. ISAURA VALLE DELL'IRNO,50m,https://www.fidal.it/risultati/2024/REG34129/Risultati/Gara056.html
7.08,DURSO Francesco,AM,2007.0,CE160 ASD ASI POLISPORTIVA BELLONA,50m,https://www.fidal.it/risultati/2024/REG34129/Risultati/Gara056.html
7.09,CADEDDU Alessandro,AM,2008.0,PT487 MONTECATINI MARATHON ASD,50m,https://www.fidal.it/risultati/2024/REG34024/Gara156.htm
7.09,VERGASSOLA Nicola,JM,2006.0,SP042 A.S. ATLETICA SARZANA,50m,https://www.fidal.it/risultati/2024/REG34028/Gara356.htm
7.09,RENALTO Raissa,JF,2006.0,NA982 ATLETICA LEGGERA PORTICI,50m,https://www.fidal.it/risultati/2024/REG34129/Risultati/Gara156.html
7.1,CHIAFFREDO Gloria,AF,2007.0,IM029 ASD MAURINA OLIO CARLI,50m,https://www.fidal.it/risultati/2024/REG34024/Gara256.htm
7.11,SANTANGELO Fabrizio,AM,2007.0,SA128 A.S.D. ATL. AGROPOLI,50m,https://www.fidal.it/risultati/2024/REG34129/Risultati/Gara056.html
7.11,OPPICI Luca,PM,2002.0,PR068 C.U.S. PARMA,50m,https://www.fidal.it/risultati/2024/REG33597/Gara056.htm
7.12,FERNANDO Leon freewin,PM,2003.0,NA064 A.P.D. AMATORI ATLETICA NAPOLI,50m,https://www.fidal.it/risultati/2024/REG34129/Risultati/Gara056.html
7.12,NICOLI Leonardo,AM,2008.0,MS088 POL. PONTREMOLESE,50m,https://www.fidal.it/risultati/2024/REG34028/Gara556.htm
7.12,BOSCHINI Beatrice,AF,2007.0,RE105 G.S.SELF ATL. MONTANARI GRUZZA,50m,https://www.fidal.it/risultati/2024/REG33597/Gara156.htm
7.13,CAVAZZA Matteo,AM,2008.0,RE105 G.S.SELF ATL. MONTANARI GRUZZA,50m,https://www.fidal.it/risultati/2024/REG33597/Gara056.htm
7.13,BARGELLINI Anita,JF,2006.0,PI433 ATLETICA LA ROCCA LUIGI OCONE,50m,https://www.fidal.it/risultati/2024/REG34028/Gara456.htm
7.14,CAPITINI Davide,SM40,1981.0,MS094 ATL.UISP MARINA DI CARRARA,50m,https://www.fidal.it/risultati/2024/REG34212/Gara156.htm
7.14,ROTA Beatrice,SF,2001.0,PI071 CUS PISA,50m,https://www.fidal.it/risultati/2024/REG34024/Gara256.htm
7.15,LUZZI Alessia,AF,2008.0,CO976 A.S.D. ATLETICA ANDROMEDA,50m,https://www.fidal.it/risultati/2024/REG33597/Gara156.htm
7.16,SAVASTANO Luca,SM40,1980.0,SA126 ASD NISSOLINO ATL. VIS NOVA SA,50m,https://www.fidal.it/risultati/2024/REG34129/Risultati/Gara056.html
7.16,CAPALBO Francesco,AM,2008.0,FI009 PROSPORT ATL. FIRENZE,50m,https://www.fidal.it/risultati/2024/REG34028/Gara556.htm
7.17,IFALUYI Christabel elog,CF,2009.0,NA982 ATLETICA LEGGERA PORTICI,50m,https://www.fidal.it/risultati/2024/REG34129/Risultati/Gara356.html
7.17,GARZELLI Yoake,JF,2006.0,LI036 ATLETICA LIVORNO,50m,https://www.fidal.it/risultati/2024/REG34028/Gara456.htm
7.18,MERENDINO Giulio,AM,2008.0,SI361 ATLETICA 2005,50m,https://www.fidal.it/risultati/2024/REG34028/Gara556.htm
7.18,SGARZI Alice,AF,2007.0,CR041 CREMONA SPORTIVA ATL. ARVEDI,50m,https://www.fidal.it/risultati/2024/REG33597/Gara156.htm
7.18,MUSTARDINO Andrea Anna,JF,2006.0,VA130 N. ATL. VARESE,50m,https://www.fidal.it/risultati/2024/REG33597/Gara156.htm
7.18,MEGNA Giuseppe,CM,2010.0,AV208 ASD ENTERPRISE SPORT & SERVICE,50m,https://www.fidal.it/risultati/2024/REG34129/Risultati/Gara256.html
7.18,CARCEA Dalia,SF,2001.0,LI036 ATLETICA LIVORNO,50m,https://www.fidal.it/risultati/2024/REG34212/Gara256.htm
7.18,FRANCESE Giulia,AF,2007.0,SA138 A.S.D. CARMAX CAMALDOLESE,50m,https://www.fidal.it/risultati/2024/REG34129/Risultati/Gara156.html
7.18,USCIDDA Fabio,AM,2007.0,FI002 ATLETICA FIRENZE MARATHON S.S.,50m,https://www.fidal.it/risultati/2024/REG34028/Gara556.htm
7.2,MORSELLI Aurelio,AM,2007.0,MO497 MODENA ATLETICA ASD,50m,https://www.fidal.it/risultati/2024/REG33597/Gara056.htm
7.2,BALDI Greta,JF,2006.0,FI002 ATLETICA FIRENZE MARATHON S.S.,50m,https://www.fidal.it/risultati/2024/REG34024/Gara256.htm
7.21,RADICE Stella,JF,2006.0,CO976 A.S.D. ATLETICA ANDROMEDA,50m,https://www.fidal.it/risultati/2024/REG33597/Gara156.htm
7.21,MOSCARIELLO Vittorio,CM,2010.0,SA645 ASD DONATELLA EBOLI ATLETICA,50m,https://www.fidal.it/risultati/2024/REG34129/Risultati/Gara256.html
7.21,SFORZA Emma,SF,2001.0,CR041 CREMONA SPORTIVA ATL. ARVEDI,50m,https://www.fidal.it/risultati/2024/REG33597/Gara156.htm
7.22,PELLINI Bianca,JF,2006.0,LU100 A.S. ATLETICA VIRTUS LUCCA,50m,https://www.fidal.it/risultati/2024/REG34024/Gara256.htm
7.22,FERRI Simone,SM45,1977.0,MI009 ATLETICA CODOGNO ASD,50m,https://www.fidal.it/risultati/2024/REG33597/Gara056.htm
7.23,DISPERATI Matteo,AM,2008.0,PT121 ATL.BORGO A BUGGIANO,50m,https://www.fidal.it/risultati/2024/REG34212/Gara156.htm
7.23,CANESSA Emma,JF,2005.0,LI036 ATLETICA LIVORNO,50m,https://www.fidal.it/risultati/2024/REG34028/Gara456.htm
7.23,CARRIOLA Tommaso,CM,2009.0,AV208 ASD ENTERPRISE SPORT & SERVICE,50m,https://www.fidal.it/risultati/2024/REG34129/Risultati/Gara256.html
7.23,ALBERTI Alice,PF,2004.0,VA130 N. ATL. VARESE,50m,https://www.fidal.it/risultati/2024/REG33597/Gara156.htm
7.24,MENOZZI Anita,JF,2005.0,RE128 ATL. REGGIO ASD,50m,https://www.fidal.it/risultati/2024/REG33597/Gara156.htm
7.25,ACETI Denise,SF,1996.0,BG795 BERGAMO STARS ATLETICA,50m,https://www.fidal.it/risultati/2024/REG33597/Gara156.htm
7.25,TEDESCO Lorenzo,CM,2010.0,SA146 ASDATL. ISAURA VALLE DELL'IRNO,50m,https://www.fidal.it/risultati/2024/REG34129/Risultati/Gara256.html
7.25,CUCCHI Zoe,JF,2006.0,BG045 ATL. PIANURA BERGAMASCA,50m,https://www.fidal.it/risultati/2024/REG33597/Gara156.htm
7.25,BELLARDI Gaia,AF,2008.0,CR041 CREMONA SPORTIVA ATL. ARVEDI,50m,https://www.fidal.it/risultati/2024/REG33597/Gara156.htm
7.26,RUGGERI Maria tindara,SF55,1969.0,ME102 A.S. DILETT. ATL.VILLAFRANCA,50m,https://www.fidal.it/risultati/2024/REG34129/Risultati/Gara156.html
7.26,CIPULLO Donato,SM55,1968.0,SA146 ASDATL. ISAURA VALLE DELL'IRNO,50m,https://www.fidal.it/risultati/2024/REG34129/Risultati/Gara056.html
7.26,FORNASARI Alice,JF,2005.0,MN043 ASD LIB. MANTOVA MASCH-FEMM.,50m,https://www.fidal.it/risultati/2024/REG33597/Gara156.htm
7.26,FUSCO Martina,CF,2009.0,AV208 ASD ENTERPRISE SPORT & SERVICE,50m,https://www.fidal.it/risultati/2024/REG34129/Risultati/Gara356.html
7.27,TEDDE Vanessa,AF,2007.0,GR065 ATLETICA GROSSETO BANCA TEMA,50m,https://www.fidal.it/risultati/2024/REG34028/Gara656.htm
7.27,LAZZARIS Enrico,SM55,1967.0,PR532 ATLETICAVIVA A.S.D.,50m,https://www.fidal.it/risultati/2024/REG33597/Gara056.htm
7.28,COLATO Mattia,CM,2009.0,AV208 ASD ENTERPRISE SPORT & SERVICE,50m,https://www.fidal.it/risultati/2024/REG34129/Risultati/Gara256.html
7.28,BROGLIA Elena,JF,2006.0,MO497 MODENA ATLETICA ASD,50m,https://www.fidal.it/risultati/2024/REG33597/Gara156.htm
7.28,BASSI Vittoria,AF,2007.0,SP573 ASD ATLETICA SPEZIA DUFERCO,50m,https://www.fidal.it/risultati/2024/REG34212/Gara256.htm
7.28,CONVERTINO Andrea,AM,2008.0,MS088 POL. PONTREMOLESE,50m,https://www.fidal.it/risultati/2024/REG34028/Gara556.htm
7.28,BENATI Gian Paolo,SM55,1968.0,BO014 ATL. IMOLA SACMI AVIS,50m,https://www.fidal.it/risultati/2024/REG33597/Gara056.htm
7.3,POLLASTRI Sara,AF,2007.0,PR068 C.U.S. PARMA,50m,https://www.fidal.it/risultati/2024/REG33597/Gara156.htm
7.3,FERRARI Claudio,SM,1999.0,MO497 MODENA ATLETICA ASD,50m,https://www.fidal.it/risultati/2024/REG33597/Gara056.htm
7.31,MEMOLI Antonio biagio,CM,2009.0,NA064 A.P.D. AMATORI ATLETICA NAPOLI,50m,https://www.fidal.it/risultati/2024/REG34129/Risultati/Gara256.html
7.31,DEL MORO Sofia,AF,2007.0,LI036 ATLETICA LIVORNO,50m,https://www.fidal.it/risultati/2024/REG34212/Gara256.htm
7.31,MONTESSORO Simona,SF40,1981.0,GE002 A.S.D. C.U.S. GENOVA,50m,https://www.fidal.it/risultati/2024/REG34024/Gara456.htm
7.32,RANUCCIO Raffaele,CM,2010.0,CE033 ASD ARCA ATL.AVERSA A.AVERSANO,50m,https://www.fidal.it/risultati/2024/REG34129/Risultati/Gara256.html
7.32,MIALE Marco,AM,2008.0,NA189 ITACA,50m,https://www.fidal.it/risultati/2024/REG34129/Risultati/Gara056.html
7.32,MARINO Anna antoniett,SF50,1971.0,SA146 ASDATL. ISAURA VALLE DELL'IRNO,50m,https://www.fidal.it/risultati/2024/REG34129/Risultati/Gara156.html
7.33,VENTURINI Federico,AM,2008.0,PR436 CIRCOLO MINERVA ASD,50m,https://www.fidal.it/risultati/2024/REG33597/Gara056.htm
7.35,PERICOLI Giulia,JF,2005.0,CO976 A.S.D. ATLETICA ANDROMEDA,50m,https://www.fidal.it/risultati/2024/REG33597/Gara156.htm
7.36,SANTORO Kristel,CF,2009.0,KR374 SCUOLA ATLETICA KROTONIATE,50m,https://www.fidal.it/risultati/2024/REG34129/Risultati/Gara356.html
7.36,CORPACCI Elena,AF,2008.0,RA103 ATL. MERCURIO,50m,https://www.fidal.it/risultati/2024/REG33597/Gara156.htm
7.37,VALLI Adele,AF,2008.0,FI009 PROSPORT ATL. FIRENZE,50m,https://www.fidal.it/risultati/2024/REG34028/Gara656.htm
7.37,ADORNI FONTANA Sara,JF,2005.0,PI433 ATLETICA LA ROCCA LUIGI OCONE,50m,https://www.fidal.it/risultati/2024/REG34028/Gara456.htm
7.37,POSILLIPO Maddalena,AF,2008.0,NA982 ATLETICA LEGGERA PORTICI,50m,https://www.fidal.it/risultati/2024/REG34129/Risultati/Gara156.html
7.38,PREZIOSI Francesco,CM,2010.0,NA965 RUNNING CLUB NAPOLI,50m,https://www.fidal.it/risultati/2024/REG34129/Risultati/Gara256.html
7.39,VENERUSO Concetta,JF,2006.0,NA965 RUNNING CLUB NAPOLI,50m,https://www.fidal.it/risultati/2024/REG34129/Risultati/Gara156.html
7.4,GENNAI Viola,AF,2007.0,LI036 ATLETICA LIVORNO,50m,https://www.fidal.it/risultati/2024/REG34212/Gara256.htm
7.4,RICCI Eleonora,AF,2007.0,SP573 ASD ATLETICA SPEZIA DUFERCO,50m,https://www.fidal.it/risultati/2024/REG34212/Gara256.htm
7.4,FATTORI Rebecca,AF,2007.0,FI009 PROSPORT ATL. FIRENZE,50m,https://www.fidal.it/risultati/2024/REG34212/Gara256.htm
7.41,GALLO Renato,SM65,1959.0,PD153 VIRTUS ESTE,50m,https://www.fidal.it/risultati/2024/REG33597/Gara056.htm
7.41,BIANCALANI Carlotta,JF,2005.0,FI007 TOSCANA ATL.EMPOLI NISSAN,50m,https://www.fidal.it/risultati/2024/REG34028/Gara456.htm
7.41,PATIERNO Sabrina,AF,2008.0,NA982 ATLETICA LEGGERA PORTICI,50m,https://www.fidal.it/risultati/2024/REG34129/Risultati/Gara156.html
7.42,RENALTO Ramona,JF,2006.0,NA982 ATLETICA LEGGERA PORTICI,50m,https://www.fidal.it/risultati/2024/REG34129/Risultati/Gara156.html
7.42,BUONOMO Nicolo',CM,2010.0,NA988 ATLETICA ARENACCIA,50m,https://www.fidal.it/risultati/2024/REG34129/Risultati/Gara256.html
7.42,MORMINA Corinna Luciana,AF,2008.0,LU104 ATL.PIETRASANTA VERSILIA,50m,https://www.fidal.it/risultati/2024/REG34024/Gara256.htm
7.44,FARANO Lavinia,AF,2008.0,FI002 ATLETICA FIRENZE MARATHON S.S.,50m,https://www.fidal.it/risultati/2024/REG34028/Gara656.htm
7.45,ADESANYA QUEENSLY Abiso,CF,2009.0,CE033 ASD ARCA ATL.AVERSA A.AVERSANO,50m,https://www.fidal.it/risultati/2024/REG34129/Risultati/Gara356.html
7.45,FERRARI Sara,SF,1999.0,RE107 ATLETICA GUASTALLA REGGIOLO,50m,https://www.fidal.it/risultati/2024/REG33597/Gara156.htm
7.45,TERZI Lisa,AF,2008.0,RE105 G.S.SELF ATL. MONTANARI GRUZZA,50m,https://www.fidal.it/risultati/2024/REG33597/Gara156.htm
7.46,MAGLIANO Nila,CF,2009.0,SA645 ASD DONATELLA EBOLI ATLETICA,50m,https://www.fidal.it/risultati/2024/REG34129/Risultati/Gara356.html
7.46,DI NASSO Gianmarco,AM,2008.0,PI081 ATLETICA CASCINA,50m,https://www.fidal.it/risultati/2024/REG34028/Gara556.htm
7.47,ALBIANI Alice,AF,2008.0,LU100 A.S. ATLETICA VIRTUS LUCCA,50m,https://www.fidal.it/risultati/2024/REG34024/Gara256.htm
7.47,BODINI Virginia,JF,2006.0,CR041 CREMONA SPORTIVA ATL. ARVEDI,50m,https://www.fidal.it/risultati/2024/REG33597/Gara156.htm
7.47,GARGIULO Antonino,CM,2009.0,NA207 A.S.D. VICTORIA,50m,https://www.fidal.it/risultati/2024/REG34129/Risultati/Gara256.html
7.47,PUCCIONI Alice,AF,2008.0,LU100 A.S. ATLETICA VIRTUS LUCCA,50m,https://www.fidal.it/risultati/2024/REG34028/Gara656.htm
7.47,ROTANO Giuseppe,AM,2007.0,NA988 ATLETICA ARENACCIA,50m,https://www.fidal.it/risultati/2024/REG34129/Risultati/Gara056.html
7.48,ROSSI Marta,JF,2005.0,PT115 PISTOIATLETICA 1983,50m,https://www.fidal.it/risultati/2024/REG34212/Gara256.htm
7.49,CIRILLO Elena,CF,2009.0,CE033 ASD ARCA ATL.AVERSA A.AVERSANO,50m,https://www.fidal.it/risultati/2024/REG34129/Risultati/Gara356.html
7.49,ESPOSITO Giovanni,CM,2010.0,NA965 RUNNING CLUB NAPOLI,50m,https://www.fidal.it/risultati/2024/REG34129/Risultati/Gara256.html
7.49,MOSCHILLO Sara felice,JF,2005.0,SA128 A.S.D. ATL. AGROPOLI,50m,https://www.fidal.it/risultati/2024/REG34129/Risultati/Gara156.html
7.5,MORDACCI Emma,AF,2008.0,PR436 CIRCOLO MINERVA ASD,50m,https://www.fidal.it/risultati/2024/REG33597/Gara156.htm
7.51,RAJAPAKSHA PATHIRANNAHE,AF,2007.0,LU100 A.S. ATLETICA VIRTUS LUCCA,50m,https://www.fidal.it/risultati/2024/REG34028/Gara656.htm
7.51,PALAIA Ginevra,AF,2008.0,PI081 ATLETICA CASCINA,50m,https://www.fidal.it/risultati/2024/REG34028/Gara656.htm
7.51,BATTOCLETTI Gloria,JF,2005.0,CR041 CREMONA SPORTIVA ATL. ARVEDI,50m,https://www.fidal.it/risultati/2024/REG33597/Gara156.htm
7.51,QUINONEZ MONTANO Maria,SF45,1977.0,PT118 ASD ATLETICA PISTOIA,50m,https://www.fidal.it/risultati/2024/REG34024/Gara456.htm
7.52,TARANTINO Ilaria,AF,2008.0,AR053 ALGA ATLETICA AREZZO,50m,https://www.fidal.it/risultati/2024/REG34028/Gara656.htm
7.52,MILANI Alessia,SF,2001.0,LI036 ATLETICA LIVORNO,50m,https://www.fidal.it/risultati/2024/REG34028/Gara256.htm
7.52,APRILE Michelle Olga,PF,2004.0,CR041 CREMONA SPORTIVA ATL. ARVEDI,50m,https://www.fidal.it/risultati/2024/REG33597/Gara156.htm
7.54,RUSSO Miriana,CF,2009.0,AV208 ASD ENTERPRISE SPORT & SERVICE,50m,https://www.fidal.it/risultati/2024/REG34129/Risultati/Gara356.html
7.55,LANDUCCI Veronica,AF,2007.0,LU100 A.S. ATLETICA VIRTUS LUCCA,50m,https://www.fidal.it/risultati/2024/REG34024/Gara256.htm
7.55,MUCCI Leonardo,SM45,1976.0,PO149 ASD ATLETICA PRATO,50m,https://www.fidal.it/risultati/2024/REG34024/Gara356.htm
7.56,FILPI Silvia,AF,2007.0,SA128 A.S.D. ATL. AGROPOLI,50m,https://www.fidal.it/risultati/2024/REG34129/Risultati/Gara156.html
7.58,PISLARAS Dragos,SM,1998.0,PR068 C.U.S. PARMA,50m,https://www.fidal.it/risultati/2024/REG33597/Gara056.htm
7.58,PERCHIAZZI Leandro,CM,2010.0,NA965 RUNNING CLUB NAPOLI,50m,https://www.fidal.it/risultati/2024/REG34129/Risultati/Gara256.html
7.58,DE LUNA Michela,CF,2009.0,SA645 ASD DONATELLA EBOLI ATLETICA,50m,https://www.fidal.it/risultati/2024/REG34129/Risultati/Gara356.html
7.59,MARZULLO Maria vittoria,JF,2006.0,SA128 A.S.D. ATL. AGROPOLI,50m,https://www.fidal.it/risultati/2024/REG34129/Risultati/Gara156.html
7.6,MALANDRINO Davide,CM,2009.0,SA126 ASD NISSOLINO ATL. VIS NOVA SA,50m,https://www.fidal.it/risultati/2024/REG34129/Risultati/Gara256.html
7.6,VICENZI Mariachiara,JF,2005.0,RE105 G.S.SELF ATL. MONTANARI GRUZZA,50m,https://www.fidal.it/risultati/2024/REG33597/Gara156.htm
7.62,RICCI Marta,AF,2007.0,PT115 PISTOIATLETICA 1983,50m,https://www.fidal.it/risultati/2024/REG34212/Gara256.htm
7.62,LENTINI Annapatrizia,AF,2007.0,NA965 RUNNING CLUB NAPOLI,50m,https://www.fidal.it/risultati/2024/REG34129/Risultati/Gara156.html
7.62,MATTAROZZI Alice,PF,2002.0,CR041 CREMONA SPORTIVA ATL. ARVEDI,50m,https://www.fidal.it/risultati/2024/REG33597/Gara156.htm
7.63,HERNANDEZ TARTABULL Lid,AF,2008.0,SA128 A.S.D. ATL. AGROPOLI,50m,https://www.fidal.it/risultati/2024/REG34129/Risultati/Gara156.html
7.63,BECHERUCCI Caterina,AF,2007.0,PT115 PISTOIATLETICA 1983,50m,https://www.fidal.it/risultati/2024/REG34028/Gara656.htm
7.64,ZACCHIA Maria grazia,JF,2006.0,CE033 ASD ARCA ATL.AVERSA A.AVERSANO,50m,https://www.fidal.it/risultati/2024/REG34129/Risultati/Gara156.html
7.64,COMPAORE Yasmine tresor,AF,2008.0,CE033 ASD ARCA ATL.AVERSA A.AVERSANO,50m,https://www.fidal.it/risultati/2024/REG34129/Risultati/Gara156.html
7.64,CAPUTO Andrea,CM,2009.0,NA988 ATLETICA ARENACCIA,50m,https://www.fidal.it/risultati/2024/REG34129/Risultati/Gara256.html
7.65,GIRALDI Simone,SM55,1969.0,PO149 ASD ATLETICA PRATO,50m,https://www.fidal.it/risultati/2024/REG34024/Gara356.htm
7.65,PORETTI Giulia,PF,2004.0,RE105 G.S.SELF ATL. MONTANARI GRUZZA,50m,https://www.fidal.it/risultati/2024/REG33597/Gara156.htm
7.65,MASINI Viola,AF,2007.0,LU104 ATL.PIETRASANTA VERSILIA,50m,https://www.fidal.it/risultati/2024/REG34024/Gara256.htm
7.66,BENEDETTINI Matilde,AF,2007.0,PT115 PISTOIATLETICA 1983,50m,https://www.fidal.it/risultati/2024/REG34028/Gara656.htm
7.66,MAGNANI Maria,AF,2007.0,PR068 C.U.S. PARMA,50m,https://www.fidal.it/risultati/2024/REG33597/Gara156.htm
7.66,CERUTTI Camilla,SF,2000.0,MS424 ASD ATLETICA ALTA TOSCANA,50m,https://www.fidal.it/risultati/2024/REG34212/Gara256.htm
7.66,BENETTI Anna,AF,2007.0,LI036 ATLETICA LIVORNO,50m,https://www.fidal.it/risultati/2024/REG34212/Gara256.htm
7.66,AGOSTA Emma,AF,2008.0,RE105 G.S.SELF ATL. MONTANARI GRUZZA,50m,https://www.fidal.it/risultati/2024/REG33597/Gara156.htm
7.67,RICCIARDI Alessandra,PF,2004.0,CE033 ASD ARCA ATL.AVERSA A.AVERSANO,50m,https://www.fidal.it/risultati/2024/REG34129/Risultati/Gara156.html
7.67,CAPORETTO Angelica,AF,2008.0,PR068 C.U.S. PARMA,50m,https://www.fidal.it/risultati/2024/REG33597/Gara156.htm
7.68,MAGAGNINI Giulia,AF,2007.0,PI081 ATLETICA CASCINA,50m,https://www.fidal.it/risultati/2024/REG34028/Gara656.htm
7.68,SGUEGLIA Jennifer,CF,2010.0,CE160 ASD ASI POLISPORTIVA BELLONA,50m,https://www.fidal.it/risultati/2024/REG34129/Risultati/Gara356.html
7.68,SCARPA Sabrina,CF,2009.0,NA982 ATLETICA LEGGERA PORTICI,50m,https://www.fidal.it/risultati/2024/REG34129/Risultati/Gara356.html
7.68,RAFFONE Alessandro,CM,2010.0,NA541 A.S.D. ATLETICA VIRGILIANO,50m,https://www.fidal.it/risultati/2024/REG34129/Risultati/Gara256.html
7.69,BIONDI Grazia,AF,2007.0,SA645 ASD DONATELLA EBOLI ATLETICA,50m,https://www.fidal.it/risultati/2024/REG34129/Risultati/Gara156.html
7.69,ZIRAOUI Lidia,JF,2006.0,CR041 CREMONA SPORTIVA ATL. ARVEDI,50m,https://www.fidal.it/risultati/2024/REG33597/Gara156.htm
7.69,DECENSI Sara,AF,2008.0,CO976 A.S.D. ATLETICA ANDROMEDA,50m,https://www.fidal.it/risultati/2024/REG33597/Gara156.htm
7.7,ROCCAMO Marta,SF55,1966.0,ME102 A.S. DILETT. ATL.VILLAFRANCA,50m,https://www.fidal.it/risultati/2024/REG34129/Risultati/Gara156.html
7.7,D'AMATO Francesco,CM,2010.0,SA645 ASD DONATELLA EBOLI ATLETICA,50m,https://www.fidal.it/risultati/2024/REG34129/Risultati/Gara256.html
7.7,ANGELINI Roman,AM,2008.0,FI009 PROSPORT ATL. FIRENZE,50m,https://www.fidal.it/risultati/2024/REG34212/Gara156.htm
7.72,FANALI Adele,AF,2007.0,SI043 UISP ATLETICA SIENA,50m,https://www.fidal.it/risultati/2024/REG34028/Gara656.htm
7.72,MASSETTINI Adele,AF,2007.0,FI009 PROSPORT ATL. FIRENZE,50m,https://www.fidal.it/risultati/2024/REG34212/Gara256.htm
7.75,DELLA MONICA Elisa,AF,2007.0,SA645 ASD DONATELLA EBOLI ATLETICA,50m,https://www.fidal.it/risultati/2024/REG34129/Risultati/Gara156.html
7.76,IANNUZZELLI Giulia,CF,2009.0,AV208 ASD ENTERPRISE SPORT & SERVICE,50m,https://www.fidal.it/risultati/2024/REG34129/Risultati/Gara356.html
7.76,CASO Antonio,SM70,1950.0,SA126 ASD NISSOLINO ATL. VIS NOVA SA,50m,https://www.fidal.it/risultati/2024/REG34129/Risultati/Gara056.html
7.76,BARDELLI Elisabetta,AF,2008.0,PT115 PISTOIATLETICA 1983,50m,https://www.fidal.it/risultati/2024/REG34212/Gara256.htm
7.76,TRANCHINO Martina,AF,2008.0,NA965 RUNNING CLUB NAPOLI,50m,https://www.fidal.it/risultati/2024/REG34129/Risultati/Gara156.html
7.77,PUSCAS Zara Flavia,AF,2007.0,PT487 MONTECATINI MARATHON ASD,50m,https://www.fidal.it/risultati/2024/REG34024/Gara256.htm
7.77,DI MARTINO Sydney,AF,2007.0,SA126 ASD NISSOLINO ATL. VIS NOVA SA,50m,https://www.fidal.it/risultati/2024/REG34129/Risultati/Gara156.html
7.77,CAPIFERRI Cecilia,AF,2008.0,MS088 POL. PONTREMOLESE,50m,https://www.fidal.it/risultati/2024/REG34212/Gara256.htm
7.77,BONFERRONI Ludovica,AF,2008.0,RE105 G.S.SELF ATL. MONTANARI GRUZZA,50m,https://www.fidal.it/risultati/2024/REG33597/Gara156.htm
7.78,REALI Michele,CM,2010.0,AV208 ASD ENTERPRISE SPORT & SERVICE,50m,https://www.fidal.it/risultati/2024/REG34129/Risultati/Gara256.html
7.78,MIRABILE Giorgia,AF,2008.0,FI007 TOSCANA ATL.EMPOLI NISSAN,50m,https://www.fidal.it/risultati/2024/REG34028/Gara656.htm
7.78,CAPONI Alessia,JF,2005.0,PI081 ATLETICA CASCINA,50m,https://www.fidal.it/risultati/2024/REG34028/Gara456.htm
7.79,CAVERNI Maya,PF,2004.0,FI007 TOSCANA ATL.EMPOLI NISSAN,50m,https://www.fidal.it/risultati/2024/REG34212/Gara256.htm
7.81,CANAJ Rafaela,AF,2008.0,PT115 PISTOIATLETICA 1983,50m,https://www.fidal.it/risultati/2024/REG34212/Gara256.htm
7.81,GENNAI Asia,JF,2005.0,FI002 ATLETICA FIRENZE MARATHON S.S.,50m,https://www.fidal.it/risultati/2024/REG34028/Gara456.htm
7.82,CANNAVO Marta,AF,2008.0,PI081 ATLETICA CASCINA,50m,https://www.fidal.it/risultati/2024/REG34028/Gara656.htm
7.82,POLESE Nicola,AM,2008.0,SA126 ASD NISSOLINO ATL. VIS NOVA SA,50m,https://www.fidal.it/risultati/2024/REG34129/Risultati/Gara056.html
7.82,POLI Elena,AF,2008.0,FI002 ATLETICA FIRENZE MARATHON S.S.,50m,https://www.fidal.it/risultati/2024/REG34024/Gara256.htm
7.83,GALLENI Matilde,AF,2008.0,LU104 ATL.PIETRASANTA VERSILIA,50m,https://www.fidal.it/risultati/2024/REG34028/Gara656.htm
7.84,MARINO Francesco,CM,2010.0,AV208 ASD ENTERPRISE SPORT & SERVICE,50m,https://www.fidal.it/risultati/2024/REG34129/Risultati/Gara256.html
7.84,FASCE Luciano,SM60,1960.0,GE002 A.S.D. C.U.S. GENOVA,50m,https://www.fidal.it/risultati/2024/REG34024/Gara356.htm
7.85,MAROTTI Eleonora,AF,2007.0,RA103 ATL. MERCURIO,50m,https://www.fidal.it/risultati/2024/REG33597/Gara156.htm
7.85,SPINELLI Sofia,JF,2006.0,SA128 A.S.D. ATL. AGROPOLI,50m,https://www.fidal.it/risultati/2024/REG34129/Risultati/Gara156.html
7.85,CECERE Antonella,CF,2009.0,NA965 RUNNING CLUB NAPOLI,50m,https://www.fidal.it/risultati/2024/REG34129/Risultati/Gara356.html
7.86,VERAZZO Giuseppe,CM,2009.0,CE033 ASD ARCA ATL.AVERSA A.AVERSANO,50m,https://www.fidal.it/risultati/2024/REG34129/Risultati/Gara256.html
7.87,ATORINO Ilaria,AF,2008.0,SA146 ASDATL. ISAURA VALLE DELL'IRNO,50m,https://www.fidal.it/risultati/2024/REG34129/Risultati/Gara156.html
7.87,BARTOLINI Veronica,SF50,1970.0,FI001 ASSI GIGLIO ROSSO FIRENZE,50m,https://www.fidal.it/risultati/2024/REG34024/Gara456.htm
7.88,BALDANZI Matilde,SF,2001.0,LI036 ATLETICA LIVORNO,50m,https://www.fidal.it/risultati/2024/REG34212/Gara256.htm
7.88,CAPORASO Luigi,CM,2009.0,NA982 ATLETICA LEGGERA PORTICI,50m,https://www.fidal.it/risultati/2024/REG34129/Risultati/Gara256.html
7.89,BRASILE Chiara,CF,2009.0,NA965 RUNNING CLUB NAPOLI,50m,https://www.fidal.it/risultati/2024/REG34129/Risultati/Gara356.html
7.89,CELENTANO Valeria,SF40,1983.0,TN135 ATLETICA ALTO GARDA E LEDRO,50m,https://www.fidal.it/risultati/2024/REG34024/Gara456.htm
7.89,MILANI Maia,AF,2007.0,MS424 ASD ATLETICA ALTA TOSCANA,50m,https://www.fidal.it/risultati/2024/REG34212/Gara256.htm
7.89,ROSSI Giulia,PF,2004.0,FI002 ATLETICA FIRENZE MARATHON S.S.,50m,https://www.fidal.it/risultati/2024/REG34212/Gara256.htm
7.9,COZZA Flavia,AF,2007.0,SA645 ASD DONATELLA EBOLI ATLETICA,50m,https://www.fidal.it/risultati/2024/REG34129/Risultati/Gara156.html
7.9,CURATOLO Stella,AF,2008.0,AV208 ASD ENTERPRISE SPORT & SERVICE,50m,https://www.fidal.it/risultati/2024/REG34129/Risultati/Gara156.html
7.91,DELLEDONNE Andrea,SM75,1949.0,MI189 ATL. AMBROSIANA,50m,https://www.fidal.it/risultati/2024/REG33597/Gara056.htm
7.92,PELOSI Anna,AF,2008.0,PR068 C.U.S. PARMA,50m,https://www.fidal.it/risultati/2024/REG33597/Gara156.htm
7.93,FREGOSI Simone,SM45,1977.0,MS449 ASD A.FA.P.H.,50m,https://www.fidal.it/risultati/2024/REG34024/Gara356.htm
7.96,MORETTI Silvana,AF,2008.0,AV208 ASD ENTERPRISE SPORT & SERVICE,50m,https://www.fidal.it/risultati/2024/REG34129/Risultati/Gara156.html
7.97,CERRONE Mariarosaria,CF,2009.0,SA138 A.S.D. CARMAX CAMALDOLESE,50m,https://www.fidal.it/risultati/2024/REG34129/Risultati/Gara356.html
8.06,RUBINO Alice,JF,2006.0,PT120 ATL.PESCIA,50m,https://www.fidal.it/risultati/2024/REG34212/Gara256.htm
8.07,BOTTIGLIERI Marcella,AF,2008.0,NA982 ATLETICA LEGGERA PORTICI,50m,https://www.fidal.it/risultati/2024/REG34129/Risultati/Gara156.html
8.08,ATTANASIO Salvatore,AM,2008.0,SA146 ASDATL. ISAURA VALLE DELL'IRNO,50m,https://www.fidal.it/risultati/2024/REG34129/Risultati/Gara056.html
8.08,SCHIAVONE Raffaella,AF,2008.0,CE033 ASD ARCA ATL.AVERSA A.AVERSANO,50m,https://www.fidal.it/risultati/2024/REG34129/Risultati/Gara156.html
8.1,LIETO Giorgia,AF,2008.0,NA064 A.P.D. AMATORI ATLETICA NAPOLI,50m,https://www.fidal.it/risultati/2024/REG34129/Risultati/Gara156.html
8.1,PAOLICCHI Paola,SF50,1971.0,FI001 ASSI GIGLIO ROSSO FIRENZE,50m,https://www.fidal.it/risultati/2024/REG34024/Gara456.htm
8.11,PUPPO Giuliana,AF,2008.0,TO016 ASDP ATLETICA PINEROLO,50m,https://www.fidal.it/risultati/2024/REG34024/Gara256.htm
8.12,DOTTO Giorgio,SM70,1953.0,PD153 VIRTUS ESTE,50m,https://www.fidal.it/risultati/2024/REG33597/Gara056.htm
8.13,DI SESSA Anita,AF,2007.0,PT115 PISTOIATLETICA 1983,50m,https://www.fidal.it/risultati/2024/REG34212/Gara256.htm
8.15,ZEVOLA Federico,AM,2008.0,NA064 A.P.D. AMATORI ATLETICA NAPOLI,50m,https://www.fidal.it/risultati/2024/REG34129/Risultati/Gara056.html
8.16,SAVARESE Sara,CF,2010.0,NA189 ITACA,50m,https://www.fidal.it/risultati/2024/REG34129/Risultati/Gara356.html
8.18,CAPECCHI Annachiara,JF,2006.0,PT115 PISTOIATLETICA 1983,50m,https://www.fidal.it/risultati/2024/REG34212/Gara256.htm
8.18,DE FALCO Benedetta,AF,2007.0,NA064 A.P.D. AMATORI ATLETICA NAPOLI,50m,https://www.fidal.it/risultati/2024/REG34129/Risultati/Gara156.html
8.22,GOVONI Elaine anne,CF,2010.0,NA541 A.S.D. ATLETICA VIRGILIANO,50m,https://www.fidal.it/risultati/2024/REG34129/Risultati/Gara356.html
8.22,SCARPETTA Edoardo,SM70,1953.0,PT118 ASD ATLETICA PISTOIA,50m,https://www.fidal.it/risultati/2024/REG34028/Gara156.htm
8.23,PIERRO Francesca,CF,2010.0,SA126 ASD NISSOLINO ATL. VIS NOVA SA,50m,https://www.fidal.it/risultati/2024/REG34129/Risultati/Gara356.html
8.23,MALVOLTI Gaia,JF,2005.0,PI433 ATLETICA LA ROCCA LUIGI OCONE,50m,https://www.fidal.it/risultati/2024/REG34028/Gara456.htm
8.24,ROSSI Fabio,SM70,1952.0,FI001 ASSI GIGLIO ROSSO FIRENZE,50m,https://www.fidal.it/risultati/2024/REG34024/Gara356.htm
8.25,FERRARO Elena,AF,2008.0,MO497 MODENA ATLETICA ASD,50m,https://www.fidal.it/risultati/2024/REG33597/Gara156.htm
8.28,PINI Benedetta asosa,SF,2000.0,NA064 A.P.D. AMATORI ATLETICA NAPOLI,50m,https://www.fidal.it/risultati/2024/REG34129/Risultati/Gara156.html
8.33,BARRETTA Vittoria,CF,2009.0,AV208 ASD ENTERPRISE SPORT & SERVICE,50m,https://www.fidal.it/risultati/2024/REG34129/Risultati/Gara356.html
8.37,VILLAVICENCIO VELASQUEZ,PF,2002.0,NA064 A.P.D. AMATORI ATLETICA NAPOLI,50m,https://www.fidal.it/risultati/2024/REG34129/Risultati/Gara156.html
8.38,GALLI Eleonora,AF,2008.0,PI081 ATLETICA CASCINA,50m,https://www.fidal.it/risultati/2024/REG34028/Gara656.htm
8.39,FIANDRA Sara,CF,2010.0,AV208 ASD ENTERPRISE SPORT & SERVICE,50m,https://www.fidal.it/risultati/2024/REG34129/Risultati/Gara356.html
8.44,BACCI Anna,AF,2008.0,LU100 A.S. ATLETICA VIRTUS LUCCA,50m,https://www.fidal.it/risultati/2024/REG34028/Gara656.htm
8.53,ABBRUZZESE Michele,CM,2009.0,CE907 ATLETICA MARCIANISE A.S.D,50m,https://www.fidal.it/risultati/2024/REG34129/Risultati/Gara256.html
8.56,PERRETTA Filippo,SM55,1968.0,SA146 ASDATL. ISAURA VALLE DELL'IRNO,50m,https://www.fidal.it/risultati/2024/REG34129/Risultati/Gara056.html
8.58,MELANI Rachele,AF,2008.0,FI009 PROSPORT ATL. FIRENZE,50m,https://www.fidal.it/risultati/2024/REG34028/Gara656.htm
8.64,PERRONE Gabriella pia,AF,2007.0,CE033 ASD ARCA ATL.AVERSA A.AVERSANO,50m,https://www.fidal.it/risultati/2024/REG34129/Risultati/Gara156.html
8.66,ROSATI Anna,CF,2010.0,NA325 A. P. D. HIPPOS CAMPI FLEGREI,50m,https://www.fidal.it/risultati/2024/REG34129/Risultati/Gara356.html
8.89,SARTI Mirella,SF50,1974.0,FI001 ASSI GIGLIO ROSSO FIRENZE,50m,https://www.fidal.it/risultati/2024/REG34028/Gara256.htm
8.91,DIDDI Eleonora,JF,2006.0,PT115 PISTOIATLETICA 1983,50m,https://www.fidal.it/risultati/2024/REG34212/Gara256.htm
8.92,GALBIATI Giovanna,CF,2010.0,NA982 ATLETICA LEGGERA PORTICI,50m,https://www.fidal.it/risultati/2024/REG34129/Risultati/Gara356.html
8.95,CUSANO Walter,SM,1992.0,AV208 ASD ENTERPRISE SPORT & SERVICE,50m,https://www.fidal.it/risultati/2024/REG34129/Risultati/Gara056.html
9.03,DEL MONTE Silvia,AF,2007.0,RE187 ASS. POL. SCANDIANESE,50m,https://www.fidal.it/risultati/2024/REG33597/Gara156.htm
9.06,TORRE Filippo,SM85,1939.0,NA073 ASD CSAL FLORENTIA,50m,https://www.fidal.it/risultati/2024/REG34129/Risultati/Gara056.html
9.11,RAMUNDO Irene,AF,2008.0,SI361 ATLETICA 2005,50m,https://www.fidal.it/risultati/2024/REG34028/Gara656.htm
9.13,COSIMI SCARSELLI Viola,AF,2008.0,PT115 PISTOIATLETICA 1983,50m,https://www.fidal.it/risultati/2024/REG34212/Gara256.htm
9.17,ANTONUCCI Nunzio,SM65,1959.0,SA146 ASDATL. ISAURA VALLE DELL'IRNO,50m,https://www.fidal.it/risultati/2024/REG34129/Risultati/Gara056.html
9.17,BOGGIA Laura,SF60,1963.0,GE002 A.S.D. C.U.S. GENOVA,50m,https://www.fidal.it/risultati/2024/REG34024/Gara456.htm
9.18,GORI Mariacristina,SF50,1971.0,FI001 ASSI GIGLIO ROSSO FIRENZE,50m,https://www.fidal.it/risultati/2024/REG34024/Gara456.htm
9.19,FERRINI Mara,SF70,1950.0,PI071 CUS PISA,50m,https://www.fidal.it/risultati/2024/REG34024/Gara456.htm
9.22,FALLI Alfredo,SM75,1945.0,FI001 ASSI GIGLIO ROSSO FIRENZE,50m,https://www.fidal.it/risultati/2024/REG34024/Gara356.htm
9.33,METRAOUI Aya,CF,2010.0,CE033 ASD ARCA ATL.AVERSA A.AVERSANO,50m,https://www.fidal.it/risultati/2024/REG34129/Risultati/Gara356.html
9.95,SICA Maria Elena,AF,2008.0,PT115 PISTOIATLETICA 1983,50m,https://www.fidal.it/risultati/2024/REG34212/Gara256.htm
10.05,PANCALDI Umberto,SM65,1959.0,RE105 G.S.SELF ATL. MONTANARI GRUZZA,50m,https://www.fidal.it/risultati/2024/REG33597/Gara056.htm
10.29,MERONE Miriana,CF,2009.0,CE033 ASD ARCA ATL.AVERSA A.AVERSANO,50m,https://www.fidal.it/risultati/2024/REG34129/Risultati/Gara356.html
