Codice,Versione Sigma,Warning,Disciplina,Nome,Link
REG34144,Nuovo,,60m,60m Adulti Uomini,https://www.fidal.it/risultati/2024/REG34144/Risultati/Gara001.html
REG34144,Nuovo,,200m,200m Adulti Uomini,https://www.fidal.it/risultati/2024/REG34144/Risultati/Gara004.html
REG34144,Nuovo,,400m,400m Adulti Uomini,https://www.fidal.it/risultati/2024/REG34144/Risultati/Gara006.html
REG34144,Nuovo,,800m,800m Adulti Uomini,https://www.fidal.it/risultati/2024/REG34144/Risultati/Gara008.html
REG34144,Nuovo,,1500m,1500m Adulti Uomini,https://www.fidal.it/risultati/2024/REG34144/Risultati/Gara011.html
REG34144,Nuovo,,3000m,3000m Adulti Uomini,https://www.fidal.it/risultati/2024/REG34144/Risultati/Gara013.html
REG34144,Nuovo,,Marcia 3000m,Marcia 3000m Adulti Uomini,https://www.fidal.it/risultati/2024/REG34144/Risultati/Gara043.html
REG34144,Nuovo,,4x200m,Staffetta 4x200 Adulti Uomini,https://www.fidal.it/risultati/2024/REG34144/Risultati/Gara060.html
REG34144,Nuovo,,60m,60m Adulti Donne,https://www.fidal.it/risultati/2024/REG34144/Risultati/Gara101.html
REG34144,Nuovo,,200m,200m Adulti Donne,https://www.fidal.it/risultati/2024/REG34144/Risultati/Gara104.html
REG34144,Nuovo,,400m,400m Adulti Donne,https://www.fidal.it/risultati/2024/REG34144/Risultati/Gara106.html
REG34144,Nuovo,,800m,800m Adulti Donne,https://www.fidal.it/risultati/2024/REG34144/Risultati/Gara108.html
REG34144,Nuovo,,1500m,1500m Adulti Donne,https://www.fidal.it/risultati/2024/REG34144/Risultati/Gara111.html
REG34144,Nuovo,,3000m,3000m Adulti Donne,https://www.fidal.it/risultati/2024/REG34144/Risultati/Gara113.html
REG34144,Nuovo,,Marcia 3000m,Marcia 3000m Adulti Donne,https://www.fidal.it/risultati/2024/REG34144/Risultati/Gara143.html
REG34144,Nuovo,,4x200m,Staffetta 4x200 Adulti Donne,https://www.fidal.it/risultati/2024/REG34144/Risultati/Gara160.html
REG34144,Nuovo,,60m,60m Juniores Uomini,https://www.fidal.it/risultati/2024/REG34144/Risultati/Gara201.html
REG34144,Nuovo,,200m,200m Juniores Uomini,https://www.fidal.it/risultati/2024/REG34144/Risultati/Gara204.html
REG34144,Nuovo,,400m,400m Juniores Uomini,https://www.fidal.it/risultati/2024/REG34144/Risultati/Gara206.html
REG34144,Nuovo,,800m,800m Juniores Uomini,https://www.fidal.it/risultati/2024/REG34144/Risultati/Gara208.html
REG34144,Nuovo,,1500m,1500m Juniores Uomini,https://www.fidal.it/risultati/2024/REG34144/Risultati/Gara211.html
REG34144,Nuovo,,3000m,3000m Juniores Uomini,https://www.fidal.it/risultati/2024/REG34144/Risultati/Gara213.html
REG34144,Nuovo,,60m,60m Juniores Donne,https://www.fidal.it/risultati/2024/REG34144/Risultati/Gara301.html
REG34144,Nuovo,,200m,200m Juniores Donne,https://www.fidal.it/risultati/2024/REG34144/Risultati/Gara304.html
REG34144,Nuovo,,400m,400m Juniores Donne,https://www.fidal.it/risultati/2024/REG34144/Risultati/Gara306.html
REG34144,Nuovo,,800m,800m Juniores Donne,https://www.fidal.it/risultati/2024/REG34144/Risultati/Gara308.html
REG34144,Nuovo,,1500m,1500m Juniores Donne,https://www.fidal.it/risultati/2024/REG34144/Risultati/Gara311.html
REG34144,Nuovo,,60m,60m Allievi,https://www.fidal.it/risultati/2024/REG34144/Risultati/Gara401.html
REG34144,Nuovo,,200m,200m Allievi,https://www.fidal.it/risultati/2024/REG34144/Risultati/Gara404.html
REG34144,Nuovo,,400m,400m Allievi,https://www.fidal.it/risultati/2024/REG34144/Risultati/Gara406.html
REG34144,Nuovo,,800m,800m Allievi,https://www.fidal.it/risultati/2024/REG34144/Risultati/Gara408.html
REG34144,Nuovo,,1500m,1500m Allievi,https://www.fidal.it/risultati/2024/REG34144/Risultati/Gara411.html
REG34144,Nuovo,,3000m,3000m Allievi,https://www.fidal.it/risultati/2024/REG34144/Risultati/Gara413.html
REG34144,Nuovo,,4x200m,Staffetta 4x200 Allievi,https://www.fidal.it/risultati/2024/REG34144/Risultati/Gara460.html
REG34144,Nuovo,,60m,60m Allieve,https://www.fidal.it/risultati/2024/REG34144/Risultati/Gara501.html
REG34144,Nuovo,,200m,200m Allieve,https://www.fidal.it/risultati/2024/REG34144/Risultati/Gara504.html
REG34144,Nuovo,,400m,400m Allieve,https://www.fidal.it/risultati/2024/REG34144/Risultati/Gara506.html
REG34144,Nuovo,,800m,800m Allieve,https://www.fidal.it/risultati/2024/REG34144/Risultati/Gara508.html
REG34144,Nuovo,,1500m,1500m Allieve,https://www.fidal.it/risultati/2024/REG34144/Risultati/Gara511.html
REG34144,Nuovo,,Marcia 3000m,Marcia 3000m Allieve,https://www.fidal.it/risultati/2024/REG34144/Risultati/Gara543.html
REG34144,Nuovo,,4x200m,Staffetta 4x200 Allieve,https://www.fidal.it/risultati/2024/REG34144/Risultati/Gara560.html
REG34144,Nuovo,,60m,60m Cadetti,https://www.fidal.it/risultati/2024/REG34144/Risultati/Gara601.html
REG34144,Nuovo,,300m,300m Cadetti,https://www.fidal.it/risultati/2024/REG34144/Risultati/Gara605.html
REG34144,Nuovo,,600m,600m Cadetti,https://www.fidal.it/risultati/2024/REG34144/Risultati/Gara607.html
REG34144,Nuovo,,Marcia 3000m,Marcia 3000m Cadetti,https://www.fidal.it/risultati/2024/REG34144/Risultati/Gara643.html
REG34144,Nuovo,,4x200m,Staffetta 4x200 Cadetti,https://www.fidal.it/risultati/2024/REG34144/Risultati/Gara660.html
REG34144,Nuovo,,60m,60m Cadette,https://www.fidal.it/risultati/2024/REG34144/Risultati/Gara701.html
REG34144,Nuovo,,300m,300m Cadette,https://www.fidal.it/risultati/2024/REG34144/Risultati/Gara705.html
REG34144,Nuovo,,600m,600m Cadette,https://www.fidal.it/risultati/2024/REG34144/Risultati/Gara707.html
REG34144,Nuovo,,Marcia 3000m,Marcia 3000m Cadette,https://www.fidal.it/risultati/2024/REG34144/Risultati/Gara743.html
REG34144,Nuovo,,4x200m,Staffetta 4x200 Cadette,https://www.fidal.it/risultati/2024/REG34144/Risultati/Gara760.html
REG34144,Nuovo,,60m,60m Ragazzi,https://www.fidal.it/risultati/2024/REG34144/Risultati/Gara801.html
REG34144,Nuovo,,600m,600m Ragazzi,https://www.fidal.it/risultati/2024/REG34144/Risultati/Gara807.html
REG34144,Nuovo,,4x200m,Staffetta 4x200 Ragazzi,https://www.fidal.it/risultati/2024/REG34144/Risultati/Gara860.html
REG34144,Nuovo,,60m,60m Ragazze,https://www.fidal.it/risultati/2024/REG34144/Risultati/Gara901.html
REG34144,Nuovo,,600m,600m Ragazze,https://www.fidal.it/risultati/2024/REG34144/Risultati/Gara907.html
REG34144,Nuovo,,Marcia 2000m,Marcia 2000m Ragazze,https://www.fidal.it/risultati/2024/REG34144/Risultati/Gara942.html
REG34144,Nuovo,,4x200m,Staffetta 4x200 Ragazze,https://www.fidal.it/risultati/2024/REG34144/Risultati/Gara960.html
REG34144,Nuovo,,60m,60m Eso M10,https://www.fidal.it/risultati/2024/REG34144/Risultati/GaraE01.html
REG34144,Nuovo,,200m,200m Eso M10,https://www.fidal.it/risultati/2024/REG34144/Risultati/GaraE02.html
REG34144,Nuovo,,60m,60m Eso F10,https://www.fidal.it/risultati/2024/REG34144/Risultati/GaraE11.html
REG34144,Nuovo,,200m,200m Eso F10,https://www.fidal.it/risultati/2024/REG34144/Risultati/GaraE12.html
REG34144,Nuovo,,60m,60m Eso M8,https://www.fidal.it/risultati/2024/REG34144/Risultati/GaraE21.html
REG34144,Nuovo,,200m,200m Eso M8,https://www.fidal.it/risultati/2024/REG34144/Risultati/GaraE22.html
REG34144,Nuovo,,60m,60m Eso F8,https://www.fidal.it/risultati/2024/REG34144/Risultati/GaraE31.html
REG34144,Nuovo,,200m,200m Eso F8,https://www.fidal.it/risultati/2024/REG34144/Risultati/GaraE32.html
REG34144,Nuovo,,60m,60m Eso M5,https://www.fidal.it/risultati/2024/REG34144/Risultati/GaraE41.html
REG34144,Nuovo,,200m,200m Eso M5,https://www.fidal.it/risultati/2024/REG34144/Risultati/GaraE42.html
REG34144,Nuovo,,60m,60m Eso F5,https://www.fidal.it/risultati/2024/REG34144/Risultati/GaraE51.html
REG34144,Nuovo,,200m,200m Eso F5,https://www.fidal.it/risultati/2024/REG34144/Risultati/GaraE52.html
REG34144,Nuovo,,1500m,1500m Adulti Donne + Juniores Donne + Allieve,https://www.fidal.it/risultati/2024/REG34144/Risultati/GaraZ03.html
REG34144,Nuovo,,1500m,1500m Juniores Uomini + Allievi,https://www.fidal.it/risultati/2024/REG34144/Risultati/GaraZ04.html
REG34144,Nuovo,,800m,800m Juniores Uomini + Allievi,https://www.fidal.it/risultati/2024/REG34144/Risultati/GaraZ08.html
REG34144,Nuovo,,800m,800m Adulti Donne + Juniores Donne + Allieve,https://www.fidal.it/risultati/2024/REG34144/Risultati/GaraZ09.html
REG34144,Nuovo,,4x200m,Staffetta 4x200 Adulti + Juniores +Allievi Uomini,https://www.fidal.it/risultati/2024/REG34144/Risultati/GaraZ10.html
REG34144,Nuovo,,4x200m,Staffetta 4x200 Adulti + Juniores +Allievi Donne,https://www.fidal.it/risultati/2024/REG34144/Risultati/GaraZ11.html
REG34144,Nuovo,,3000m,3000m Adulti Uomini + Juniores Uomini,https://www.fidal.it/risultati/2024/REG34144/Risultati/GaraZ13.html
REG34144,Nuovo,,Marcia 3000m,Marcia 3000m Cadetti + Cadette,https://www.fidal.it/risultati/2024/REG34144/Risultati/GaraZ14.html
REG34144,Nuovo,,Marcia 3000m,Marcia 3 Km Adulti Uomini + Adulti Donne + Allieve,https://www.fidal.it/risultati/2024/REG34144/Risultati/GaraZ15.html
REG34144,Nuovo,,200m,200m Eso F5-8,https://www.fidal.it/risultati/2024/REG34144/Risultati/GaraZ18.html
REG34144,Nuovo,,200m,200m Eso M5-8,https://www.fidal.it/risultati/2024/REG34144/Risultati/GaraZ19.html
REG34144,Nuovo,,60m,60m Eso F5+M5,https://www.fidal.it/risultati/2024/REG34144/Risultati/GaraZ20.html
REG34144,Nuovo,,400m,400m Juniores Donne + Adulti Donne,https://www.fidal.it/risultati/2024/REG34144/Risultati/GaraZ22.html
REG34144,Nuovo,,Salto in alto,Salto in alto Adulti Uomini,https://www.fidal.it/risultati/2024/REG34144/Risultati/Gara026.html
REG34144,Nuovo,,Salto in lungo,Salto in lungo Adulti Uomini,https://www.fidal.it/risultati/2024/REG34144/Risultati/Gara028.html
REG34144,Nuovo,,Salto in alto,Salto in alto Adulti Donne,https://www.fidal.it/risultati/2024/REG34144/Risultati/Gara126.html
REG34144,Nuovo,,Salto in lungo,Salto in lungo Adulti Donne,https://www.fidal.it/risultati/2024/REG34144/Risultati/Gara128.html
REG34144,Nuovo,,Salto in alto,Salto in alto Juniores Uomini,https://www.fidal.it/risultati/2024/REG34144/Risultati/Gara226.html
REG34144,Nuovo,,Salto in lungo,Salto in lungo Juniores Uomini,https://www.fidal.it/risultati/2024/REG34144/Risultati/Gara228.html
REG34144,Nuovo,,Salto in alto,Salto in alto Juniores Donne,https://www.fidal.it/risultati/2024/REG34144/Risultati/Gara326.html
REG34144,Nuovo,,Salto in lungo,Salto in lungo Juniores Donne,https://www.fidal.it/risultati/2024/REG34144/Risultati/Gara328.html
REG34144,Nuovo,,Salto in alto,Salto in alto Allievi,https://www.fidal.it/risultati/2024/REG34144/Risultati/Gara426.html
REG34144,Nuovo,,Salto in lungo,Salto in lungo Allievi,https://www.fidal.it/risultati/2024/REG34144/Risultati/Gara428.html
REG34144,Nuovo,,Salto in alto,Salto in alto Allieve,https://www.fidal.it/risultati/2024/REG34144/Risultati/Gara526.html
REG34144,Nuovo,,Salto in lungo,Salto in lungo Allieve,https://www.fidal.it/risultati/2024/REG34144/Risultati/Gara528.html
REG34144,Nuovo,,Salto in alto,Salto in alto Cadetti,https://www.fidal.it/risultati/2024/REG34144/Risultati/Gara626.html
REG34144,Nuovo,,Salto in lungo,Salto in lungo Cadetti,https://www.fidal.it/risultati/2024/REG34144/Risultati/Gara628.html
REG34144,Nuovo,,Salto in alto,Salto in alto Cadette,https://www.fidal.it/risultati/2024/REG34144/Risultati/Gara726.html
REG34144,Nuovo,,Salto in lungo,Salto in lungo Cadette,https://www.fidal.it/risultati/2024/REG34144/Risultati/Gara728.html
REG34144,Nuovo,,Salto in alto,Salto in alto Ragazzi,https://www.fidal.it/risultati/2024/REG34144/Risultati/Gara826.html
REG34144,Nuovo,,Salto in lungo,Salto in lungo Ragazzi,https://www.fidal.it/risultati/2024/REG34144/Risultati/Gara828.html
REG34144,Nuovo,,Salto in alto,Salto in alto Ragazze,https://www.fidal.it/risultati/2024/REG34144/Risultati/Gara926.html
REG34144,Nuovo,,Salto in lungo,Salto in lungo Ragazze,https://www.fidal.it/risultati/2024/REG34144/Risultati/Gara928.html
REG34144,Nuovo,,Salto in lungo,Salto in lungo Eso M10,https://www.fidal.it/risultati/2024/REG34144/Risultati/GaraE03.html
REG34144,Nuovo,,Salto in lungo,Salto in lungo Eso F10,https://www.fidal.it/risultati/2024/REG34144/Risultati/GaraE13.html
REG34144,Nuovo,,Salto in lungo,Salto in lungo Eso M8,https://www.fidal.it/risultati/2024/REG34144/Risultati/GaraE23.html
REG34144,Nuovo,,Salto in lungo,Salto in lungo Eso F8,https://www.fidal.it/risultati/2024/REG34144/Risultati/GaraE33.html
REG34144,Nuovo,,Salto in lungo,Salto in lungo Eso M5,https://www.fidal.it/risultati/2024/REG34144/Risultati/GaraE43.html
REG34144,Nuovo,,Salto in lungo,Salto in lungo Eso F5,https://www.fidal.it/risultati/2024/REG34144/Risultati/GaraE53.html
REG34144,Nuovo,,Salto in lungo,Salto in lungo Adulti Uomini + Juniores Uomini,https://www.fidal.it/risultati/2024/REG34144/Risultati/GaraZ01.html
REG34144,Nuovo,,Salto in lungo,Salto in lungo Adulti Donne + Juniores Donne,https://www.fidal.it/risultati/2024/REG34144/Risultati/GaraZ02.html
REG34144,Nuovo,,Salto in alto,Salto in alto Adulti Donne + Juniores Donne,https://www.fidal.it/risultati/2024/REG34144/Risultati/GaraZ07.html
REG34144,Nuovo,,Salto in alto,Salto in alto Adulti Uomini + Juniores Uomini,https://www.fidal.it/risultati/2024/REG34144/Risultati/GaraZ12.html
REG34144,Nuovo,,Salto in lungo,Salto in lungo Eso F5-8,https://www.fidal.it/risultati/2024/REG34144/Risultati/GaraZ16.html
REG34144,Nuovo,,Salto in lungo,Salto in lungo Eso M5-8-10,https://www.fidal.it/risultati/2024/REG34144/Risultati/GaraZ17.html
REG34144,Nuovo,,Salto in alto,Salto in alto Allievi + Allieve,https://www.fidal.it/risultati/2024/REG34144/Risultati/GaraZ21.html
REG34144,Nuovo,,Peso 7.260Kg,Peso kg 7.260 Adulti Uomini,https://www.fidal.it/risultati/2024/REG34144/Risultati/Gara030.html
REG34144,Nuovo,,Peso 7.260Kg,Peso kg 7.260 Master Uomini 35-45,https://www.fidal.it/risultati/2024/REG34144/Risultati/Gara031.html
REG34144,Nuovo,,Peso 6.000Kg,Peso kg 6 Master Uomini 50-55,https://www.fidal.it/risultati/2024/REG34144/Risultati/Gara032.html
REG34144,Nuovo,,Peso 5.000Kg,Peso kg 5 Master Uomini 60-65,https://www.fidal.it/risultati/2024/REG34144/Risultati/Gara033.html
REG34144,Nuovo,,Peso 4.000Kg,Peso kg 4 Master Uomini 70-75,https://www.fidal.it/risultati/2024/REG34144/Risultati/Gara034.html
REG34144,Nuovo,,Peso 4.000Kg,Peso kg 4 Adulti Donne,https://www.fidal.it/risultati/2024/REG34144/Risultati/Gara130.html
REG34144,Nuovo,,Peso 4.000Kg,Peso kg 4 Master Donne 35-45,https://www.fidal.it/risultati/2024/REG34144/Risultati/Gara131.html
REG34144,Nuovo,,Peso 3.000Kg,Peso kg 3 Master Donne 50-70,https://www.fidal.it/risultati/2024/REG34144/Risultati/Gara132.html
REG34144,Nuovo,,Peso 4.000Kg,Peso kg 4 Juniores Donne,https://www.fidal.it/risultati/2024/REG34144/Risultati/Gara331.html
REG34144,Nuovo,,Peso 5.000Kg,Peso kg 5 Allievi,https://www.fidal.it/risultati/2024/REG34144/Risultati/Gara431.html
REG34144,Nuovo,,Peso 3.000Kg,Peso kg 3 Allieve,https://www.fidal.it/risultati/2024/REG34144/Risultati/Gara531.html
REG34144,Nuovo,,Peso 4.000Kg,Peso kg 4 Cadetti,https://www.fidal.it/risultati/2024/REG34144/Risultati/Gara631.html
REG34144,Nuovo,,Peso 3.000Kg,Peso kg 3 Cadette,https://www.fidal.it/risultati/2024/REG34144/Risultati/Gara731.html
REG34144,Nuovo,non conosco la massa,Peso,Peso Allievi + Adulti Uomini,https://www.fidal.it/risultati/2024/REG34144/Risultati/GaraZ05.html
REG34144,Nuovo,non conosco la massa,Peso,Peso Allieve + Juniores + Adulte Donne,https://www.fidal.it/risultati/2024/REG34144/Risultati/GaraZ06.html
COD11701,Nuovo,,Salto con l'asta,PV Males Gr. 1,https://www.fidal.it/risultati/2024/COD11701/Risultati/Gara027.html
COD11701,Nuovo,,Salto con l'asta,PV Women Gr. 1,https://www.fidal.it/risultati/2024/COD11701/Risultati/Gara127.html
COD11701,Nuovo,,Salto con l'asta,PV Males Gr. 2,https://www.fidal.it/risultati/2024/COD11701/Risultati/Gara227.html
COD11701,Nuovo,,Salto con l'asta,PV TOP Males,https://www.fidal.it/risultati/2024/COD11701/Risultati/Gara427.html
COD11701,Nuovo,,Salto con l'asta,PV TOP Women,https://www.fidal.it/risultati/2024/COD11701/Risultati/Gara527.html
COD11701,Nuovo,,Salto con l'asta,PV M/W Gr. 1,https://www.fidal.it/risultati/2024/COD11701/Risultati/Gara991.html
COD11716,Nuovo,,60m,60m Adulti Uomini,https://www.fidal.it/risultati/2024/COD11716/Risultati/Gara001.html
COD11716,Nuovo,,200m,200m Adulti Uomini,https://www.fidal.it/risultati/2024/COD11716/Risultati/Gara004.html
COD11716,Nuovo,,400m,400m Adulti Uomini,https://www.fidal.it/risultati/2024/COD11716/Risultati/Gara006.html
COD11716,Nuovo,,800m,800m Adulti Uomini,https://www.fidal.it/risultati/2024/COD11716/Risultati/Gara008.html
COD11716,Nuovo,,1500m,1500m Adulti Uomini,https://www.fidal.it/risultati/2024/COD11716/Risultati/Gara011.html
COD11716,Nuovo,,3000m,3000m Adulti Uomini,https://www.fidal.it/risultati/2024/COD11716/Risultati/Gara013.html
COD11716,Nuovo,,Marcia 3000m,Marcia 3000m Adulti Uomini,https://www.fidal.it/risultati/2024/COD11716/Risultati/Gara043.html
COD11716,Nuovo,,4x200m,Staffetta 4x200 Adulti Uomini,https://www.fidal.it/risultati/2024/COD11716/Risultati/Gara060.html
COD11716,Nuovo,,60m,60m Adulti Donne,https://www.fidal.it/risultati/2024/COD11716/Risultati/Gara101.html
COD11716,Nuovo,,200m,200m Adulti Donne,https://www.fidal.it/risultati/2024/COD11716/Risultati/Gara104.html
COD11716,Nuovo,,400m,400m Adulti Donne,https://www.fidal.it/risultati/2024/COD11716/Risultati/Gara106.html
COD11716,Nuovo,,800m,800m Adulti Donne,https://www.fidal.it/risultati/2024/COD11716/Risultati/Gara108.html
COD11716,Nuovo,,1500m,1500m Adulti Donne,https://www.fidal.it/risultati/2024/COD11716/Risultati/Gara111.html
COD11716,Nuovo,,3000m,3000m Adulti Donne,https://www.fidal.it/risultati/2024/COD11716/Risultati/Gara113.html
COD11716,Nuovo,,Marcia 3000m,Marcia 3000m Adulti Donne,https://www.fidal.it/risultati/2024/COD11716/Risultati/Gara143.html
COD11716,Nuovo,,4x200m,Staffetta 4x200 Adulti Donne,https://www.fidal.it/risultati/2024/COD11716/Risultati/Gara160.html
COD11716,Nuovo,,60m,60m Juniores Uomini,https://www.fidal.it/risultati/2024/COD11716/Risultati/Gara201.html
COD11716,Nuovo,,200m,200m Juniores Uomini,https://www.fidal.it/risultati/2024/COD11716/Risultati/Gara204.html
COD11716,Nuovo,,400m,400m Juniores Uomini,https://www.fidal.it/risultati/2024/COD11716/Risultati/Gara206.html
COD11716,Nuovo,,800m,800m Juniores Uomini,https://www.fidal.it/risultati/2024/COD11716/Risultati/Gara208.html
COD11716,Nuovo,,1500m,1500m Juniores Uomini,https://www.fidal.it/risultati/2024/COD11716/Risultati/Gara211.html
COD11716,Nuovo,,3000m,3000m Juniores Uomini,https://www.fidal.it/risultati/2024/COD11716/Risultati/Gara213.html
COD11716,Nuovo,,60m,60m Juniores Donne,https://www.fidal.it/risultati/2024/COD11716/Risultati/Gara301.html
COD11716,Nuovo,,200m,200m Juniores Donne,https://www.fidal.it/risultati/2024/COD11716/Risultati/Gara304.html
COD11716,Nuovo,,400m,400m Juniores Donne,https://www.fidal.it/risultati/2024/COD11716/Risultati/Gara306.html
COD11716,Nuovo,,800m,800m Juniores Donne,https://www.fidal.it/risultati/2024/COD11716/Risultati/Gara308.html
COD11716,Nuovo,,1500m,1500m Juniores Donne,https://www.fidal.it/risultati/2024/COD11716/Risultati/Gara311.html
COD11716,Nuovo,,60m,60m Allievi,https://www.fidal.it/risultati/2024/COD11716/Risultati/Gara401.html
COD11716,Nuovo,,200m,200m Allievi,https://www.fidal.it/risultati/2024/COD11716/Risultati/Gara404.html
COD11716,Nuovo,,400m,400m Allievi,https://www.fidal.it/risultati/2024/COD11716/Risultati/Gara406.html
COD11716,Nuovo,,800m,800m Allievi,https://www.fidal.it/risultati/2024/COD11716/Risultati/Gara408.html
COD11716,Nuovo,,1500m,1500m Allievi,https://www.fidal.it/risultati/2024/COD11716/Risultati/Gara411.html
COD11716,Nuovo,,3000m,3000m Allievi,https://www.fidal.it/risultati/2024/COD11716/Risultati/Gara413.html
COD11716,Nuovo,,4x200m,Staffetta 4x200 Allievi,https://www.fidal.it/risultati/2024/COD11716/Risultati/Gara460.html
COD11716,Nuovo,,60m,60m Allieve,https://www.fidal.it/risultati/2024/COD11716/Risultati/Gara501.html
COD11716,Nuovo,,200m,200m Allieve,https://www.fidal.it/risultati/2024/COD11716/Risultati/Gara504.html
COD11716,Nuovo,,400m,400m Allieve,https://www.fidal.it/risultati/2024/COD11716/Risultati/Gara506.html
COD11716,Nuovo,,800m,800m Allieve,https://www.fidal.it/risultati/2024/COD11716/Risultati/Gara508.html
COD11716,Nuovo,,1500m,1500m Allieve,https://www.fidal.it/risultati/2024/COD11716/Risultati/Gara511.html
COD11716,Nuovo,,Marcia 3000m,Marcia 3000m Allieve,https://www.fidal.it/risultati/2024/COD11716/Risultati/Gara543.html
COD11716,Nuovo,,4x200m,Staffetta 4x200 Allieve,https://www.fidal.it/risultati/2024/COD11716/Risultati/Gara560.html
COD11716,Nuovo,,60m,60m Cadetti,https://www.fidal.it/risultati/2024/COD11716/Risultati/Gara601.html
COD11716,Nuovo,,300m,300m Cadetti,https://www.fidal.it/risultati/2024/COD11716/Risultati/Gara605.html
COD11716,Nuovo,,600m,600m Cadetti,https://www.fidal.it/risultati/2024/COD11716/Risultati/Gara607.html
COD11716,Nuovo,,Marcia 3000m,Marcia 3000m Cadetti,https://www.fidal.it/risultati/2024/COD11716/Risultati/Gara643.html
COD11716,Nuovo,,4x200m,Staffetta 4x200 Cadetti,https://www.fidal.it/risultati/2024/COD11716/Risultati/Gara660.html
COD11716,Nuovo,,60m,60m Cadette,https://www.fidal.it/risultati/2024/COD11716/Risultati/Gara701.html
COD11716,Nuovo,,300m,300m Cadette,https://www.fidal.it/risultati/2024/COD11716/Risultati/Gara705.html
COD11716,Nuovo,,600m,600m Cadette,https://www.fidal.it/risultati/2024/COD11716/Risultati/Gara707.html
COD11716,Nuovo,,Marcia 3000m,Marcia 3000m Cadette,https://www.fidal.it/risultati/2024/COD11716/Risultati/Gara743.html
COD11716,Nuovo,,4x200m,Staffetta 4x200 Cadette,https://www.fidal.it/risultati/2024/COD11716/Risultati/Gara760.html
COD11716,Nuovo,,60m,60m Ragazzi,https://www.fidal.it/risultati/2024/COD11716/Risultati/Gara801.html
COD11716,Nuovo,,600m,600m Ragazzi,https://www.fidal.it/risultati/2024/COD11716/Risultati/Gara807.html
COD11716,Nuovo,,4x200m,Staffetta 4x200 Ragazzi,https://www.fidal.it/risultati/2024/COD11716/Risultati/Gara860.html
COD11716,Nuovo,,60m,60m Ragazze,https://www.fidal.it/risultati/2024/COD11716/Risultati/Gara901.html
COD11716,Nuovo,,600m,600m Ragazze,https://www.fidal.it/risultati/2024/COD11716/Risultati/Gara907.html
COD11716,Nuovo,,Marcia 2000m,Marcia 2000m Ragazze,https://www.fidal.it/risultati/2024/COD11716/Risultati/Gara942.html
COD11716,Nuovo,,4x200m,Staffetta 4x200 Ragazze,https://www.fidal.it/risultati/2024/COD11716/Risultati/Gara960.html
COD11716,Nuovo,,60m,60m Eso M10,https://www.fidal.it/risultati/2024/COD11716/Risultati/GaraE01.html
COD11716,Nuovo,,200m,200m Eso M10,https://www.fidal.it/risultati/2024/COD11716/Risultati/GaraE02.html
COD11716,Nuovo,,60m,60m Eso F10,https://www.fidal.it/risultati/2024/COD11716/Risultati/GaraE11.html
COD11716,Nuovo,,200m,200m Eso F10,https://www.fidal.it/risultati/2024/COD11716/Risultati/GaraE12.html
COD11716,Nuovo,,60m,60m Eso M8,https://www.fidal.it/risultati/2024/COD11716/Risultati/GaraE21.html
COD11716,Nuovo,,200m,200m Eso M8,https://www.fidal.it/risultati/2024/COD11716/Risultati/GaraE22.html
COD11716,Nuovo,,60m,60m Eso F8,https://www.fidal.it/risultati/2024/COD11716/Risultati/GaraE31.html
COD11716,Nuovo,,200m,200m Eso F8,https://www.fidal.it/risultati/2024/COD11716/Risultati/GaraE32.html
COD11716,Nuovo,,60m,60m Eso M5,https://www.fidal.it/risultati/2024/COD11716/Risultati/GaraE41.html
COD11716,Nuovo,,200m,200m Eso M5,https://www.fidal.it/risultati/2024/COD11716/Risultati/GaraE42.html
COD11716,Nuovo,,60m,60m Eso F5,https://www.fidal.it/risultati/2024/COD11716/Risultati/GaraE51.html
COD11716,Nuovo,,200m,200m Eso F5,https://www.fidal.it/risultati/2024/COD11716/Risultati/GaraE52.html
COD11716,Nuovo,,1500m,1500m Adulti Donne + Juniores Donne + Allieve,https://www.fidal.it/risultati/2024/COD11716/Risultati/GaraZ03.html
COD11716,Nuovo,,1500m,1500m Juniores Uomini + Allievi,https://www.fidal.it/risultati/2024/COD11716/Risultati/GaraZ04.html
COD11716,Nuovo,,800m,800m Juniores Uomini + Allievi,https://www.fidal.it/risultati/2024/COD11716/Risultati/GaraZ08.html
COD11716,Nuovo,,800m,800m Adulti Donne + Juniores Donne + Allieve,https://www.fidal.it/risultati/2024/COD11716/Risultati/GaraZ09.html
COD11716,Nuovo,,4x200m,Staffetta 4x200 Adulti + Juniores +Allievi Uomini,https://www.fidal.it/risultati/2024/COD11716/Risultati/GaraZ10.html
COD11716,Nuovo,,4x200m,Staffetta 4x200 Adulti + Juniores +Allievi Donne,https://www.fidal.it/risultati/2024/COD11716/Risultati/GaraZ11.html
COD11716,Nuovo,,3000m,3000m Adulti Uomini + Juniores Uomini,https://www.fidal.it/risultati/2024/COD11716/Risultati/GaraZ13.html
COD11716,Nuovo,,Marcia 3000m,Marcia 3000m Cadetti + Cadette,https://www.fidal.it/risultati/2024/COD11716/Risultati/GaraZ14.html
COD11716,Nuovo,,Marcia 3000m,Marcia 3 Km Adulti Uomini + Adulti Donne + Allieve,https://www.fidal.it/risultati/2024/COD11716/Risultati/GaraZ15.html
COD11716,Nuovo,,200m,200m Eso F5-8,https://www.fidal.it/risultati/2024/COD11716/Risultati/GaraZ18.html
COD11716,Nuovo,,200m,200m Eso M5-8,https://www.fidal.it/risultati/2024/COD11716/Risultati/GaraZ19.html
COD11716,Nuovo,,60m,60m Eso F5+M5,https://www.fidal.it/risultati/2024/COD11716/Risultati/GaraZ20.html
COD11716,Nuovo,,400m,400m Juniores Donne + Adulti Donne,https://www.fidal.it/risultati/2024/COD11716/Risultati/GaraZ22.html
COD11716,Nuovo,,Salto in alto,Salto in alto Adulti Uomini,https://www.fidal.it/risultati/2024/COD11716/Risultati/Gara026.html
COD11716,Nuovo,,Salto in lungo,Salto in lungo Adulti Uomini,https://www.fidal.it/risultati/2024/COD11716/Risultati/Gara028.html
COD11716,Nuovo,,Salto in alto,Salto in alto Adulti Donne,https://www.fidal.it/risultati/2024/COD11716/Risultati/Gara126.html
COD11716,Nuovo,,Salto in lungo,Salto in lungo Adulti Donne,https://www.fidal.it/risultati/2024/COD11716/Risultati/Gara128.html
COD11716,Nuovo,,Salto in alto,Salto in alto Juniores Uomini,https://www.fidal.it/risultati/2024/COD11716/Risultati/Gara226.html
COD11716,Nuovo,,Salto in lungo,Salto in lungo Juniores Uomini,https://www.fidal.it/risultati/2024/COD11716/Risultati/Gara228.html
COD11716,Nuovo,,Salto in alto,Salto in alto Juniores Donne,https://www.fidal.it/risultati/2024/COD11716/Risultati/Gara326.html
COD11716,Nuovo,,Salto in lungo,Salto in lungo Juniores Donne,https://www.fidal.it/risultati/2024/COD11716/Risultati/Gara328.html
COD11716,Nuovo,,Salto in alto,Salto in alto Allievi,https://www.fidal.it/risultati/2024/COD11716/Risultati/Gara426.html
COD11716,Nuovo,,Salto in lungo,Salto in lungo Allievi,https://www.fidal.it/risultati/2024/COD11716/Risultati/Gara428.html
COD11716,Nuovo,,Salto in alto,Salto in alto Allieve,https://www.fidal.it/risultati/2024/COD11716/Risultati/Gara526.html
COD11716,Nuovo,,Salto in lungo,Salto in lungo Allieve,https://www.fidal.it/risultati/2024/COD11716/Risultati/Gara528.html
COD11716,Nuovo,,Salto in alto,Salto in alto Cadetti,https://www.fidal.it/risultati/2024/COD11716/Risultati/Gara626.html
COD11716,Nuovo,,Salto in lungo,Salto in lungo Cadetti,https://www.fidal.it/risultati/2024/COD11716/Risultati/Gara628.html
COD11716,Nuovo,,Salto in alto,Salto in alto Cadette,https://www.fidal.it/risultati/2024/COD11716/Risultati/Gara726.html
COD11716,Nuovo,,Salto in lungo,Salto in lungo Cadette,https://www.fidal.it/risultati/2024/COD11716/Risultati/Gara728.html
COD11716,Nuovo,,Salto in alto,Salto in alto Ragazzi,https://www.fidal.it/risultati/2024/COD11716/Risultati/Gara826.html
COD11716,Nuovo,,Salto in lungo,Salto in lungo Ragazzi,https://www.fidal.it/risultati/2024/COD11716/Risultati/Gara828.html
COD11716,Nuovo,,Salto in alto,Salto in alto Ragazze,https://www.fidal.it/risultati/2024/COD11716/Risultati/Gara926.html
COD11716,Nuovo,,Salto in lungo,Salto in lungo Ragazze,https://www.fidal.it/risultati/2024/COD11716/Risultati/Gara928.html
COD11716,Nuovo,,Salto in lungo,Salto in lungo Eso M10,https://www.fidal.it/risultati/2024/COD11716/Risultati/GaraE03.html
COD11716,Nuovo,,Salto in lungo,Salto in lungo Eso F10,https://www.fidal.it/risultati/2024/COD11716/Risultati/GaraE13.html
COD11716,Nuovo,,Salto in lungo,Salto in lungo Eso M8,https://www.fidal.it/risultati/2024/COD11716/Risultati/GaraE23.html
COD11716,Nuovo,,Salto in lungo,Salto in lungo Eso F8,https://www.fidal.it/risultati/2024/COD11716/Risultati/GaraE33.html
COD11716,Nuovo,,Salto in lungo,Salto in lungo Eso M5,https://www.fidal.it/risultati/2024/COD11716/Risultati/GaraE43.html
COD11716,Nuovo,,Salto in lungo,Salto in lungo Eso F5,https://www.fidal.it/risultati/2024/COD11716/Risultati/GaraE53.html
COD11716,Nuovo,,Salto in lungo,Salto in lungo Adulti Uomini + Juniores Uomini,https://www.fidal.it/risultati/2024/COD11716/Risultati/GaraZ01.html
COD11716,Nuovo,,Salto in lungo,Salto in lungo Adulti Donne + Juniores Donne,https://www.fidal.it/risultati/2024/COD11716/Risultati/GaraZ02.html
COD11716,Nuovo,,Salto in alto,Salto in alto Adulti Donne + Juniores Donne,https://www.fidal.it/risultati/2024/COD11716/Risultati/GaraZ07.html
COD11716,Nuovo,,Salto in alto,Salto in alto Adulti Uomini + Juniores Uomini,https://www.fidal.it/risultati/2024/COD11716/Risultati/GaraZ12.html
COD11716,Nuovo,,Salto in lungo,Salto in lungo Eso F5-8,https://www.fidal.it/risultati/2024/COD11716/Risultati/GaraZ16.html
COD11716,Nuovo,,Salto in lungo,Salto in lungo Eso M5-8-10,https://www.fidal.it/risultati/2024/COD11716/Risultati/GaraZ17.html
COD11716,Nuovo,,Salto in alto,Salto in alto Allievi + Allieve,https://www.fidal.it/risultati/2024/COD11716/Risultati/GaraZ21.html
COD11716,Nuovo,,Peso 7.260Kg,Peso kg 7.260 Adulti Uomini,https://www.fidal.it/risultati/2024/COD11716/Risultati/Gara030.html
COD11716,Nuovo,,Peso 7.260Kg,Peso kg 7.260 Master Uomini 35-45,https://www.fidal.it/risultati/2024/COD11716/Risultati/Gara031.html
COD11716,Nuovo,,Peso 6.000Kg,Peso kg 6 Master Uomini 50-55,https://www.fidal.it/risultati/2024/COD11716/Risultati/Gara032.html
COD11716,Nuovo,,Peso 5.000Kg,Peso kg 5 Master Uomini 60-65,https://www.fidal.it/risultati/2024/COD11716/Risultati/Gara033.html
COD11716,Nuovo,,Peso 4.000Kg,Peso kg 4 Master Uomini 70-75,https://www.fidal.it/risultati/2024/COD11716/Risultati/Gara034.html
COD11716,Nuovo,,Peso 4.000Kg,Peso kg 4 Adulti Donne,https://www.fidal.it/risultati/2024/COD11716/Risultati/Gara130.html
COD11716,Nuovo,,Peso 4.000Kg,Peso kg 4 Master Donne 35-45,https://www.fidal.it/risultati/2024/COD11716/Risultati/Gara131.html
COD11716,Nuovo,,Peso 3.000Kg,Peso kg 3 Master Donne 50-70,https://www.fidal.it/risultati/2024/COD11716/Risultati/Gara132.html
COD11716,Nuovo,,Peso 4.000Kg,Peso kg 4 Juniores Donne,https://www.fidal.it/risultati/2024/COD11716/Risultati/Gara331.html
COD11716,Nuovo,,Peso 5.000Kg,Peso kg 5 Allievi,https://www.fidal.it/risultati/2024/COD11716/Risultati/Gara431.html
COD11716,Nuovo,,Peso 3.000Kg,Peso kg 3 Allieve,https://www.fidal.it/risultati/2024/COD11716/Risultati/Gara531.html
COD11716,Nuovo,,Peso 4.000Kg,Peso kg 4 Cadetti,https://www.fidal.it/risultati/2024/COD11716/Risultati/Gara631.html
COD11716,Nuovo,,Peso 3.000Kg,Peso kg 3 Cadette,https://www.fidal.it/risultati/2024/COD11716/Risultati/Gara731.html
COD11716,Nuovo,non conosco la massa,Peso,Peso Allievi + Adulti Uomini,https://www.fidal.it/risultati/2024/COD11716/Risultati/GaraZ05.html
COD11716,Nuovo,non conosco la massa,Peso,Peso Allieve + Juniores + Adulte Donne,https://www.fidal.it/risultati/2024/COD11716/Risultati/GaraZ06.html
REG33658,Nuovo,,200m,200m UOMINI,https://www.fidal.it/risultati/2024/REG33658/Risultati/Gara004.html
REG33658,Nuovo,,3000m,3000m UOMINI,https://www.fidal.it/risultati/2024/REG33658/Risultati/Gara013.html
REG33658,Nuovo,,60 Hs h106,60 Hs H 106 UOMINI,https://www.fidal.it/risultati/2024/REG33658/Risultati/Gara020.html
REG33658,Nuovo,,60 Hs h100,60 Hs H 100 JUNIORES UOMINI,https://www.fidal.it/risultati/2024/REG33658/Risultati/Gara021.html
REG33658,Nuovo,,60 Hs h91,60Hs H 91 ALLIEVI,https://www.fidal.it/risultati/2024/REG33658/Risultati/Gara022.html
REG33658,Nuovo,,200m,200m DONNE,https://www.fidal.it/risultati/2024/REG33658/Risultati/Gara104.html
REG33658,Nuovo,,3000m,3000m DONNE,https://www.fidal.it/risultati/2024/REG33658/Risultati/Gara113.html
REG33658,Nuovo,,60 Hs h84,60 Hs H 84-8.50 DONNE,https://www.fidal.it/risultati/2024/REG33658/Risultati/Gara120.html
REG33658,Nuovo,,60 Hs h76,60 Hs H 76-8.50 ALLIEVE,https://www.fidal.it/risultati/2024/REG33658/Risultati/Gara121.html
REG33658,Nuovo,,Salto triplo,Salto triplo/TJ UOMINI,https://www.fidal.it/risultati/2024/REG33658/Risultati/Gara029.html
REG33658,Nuovo,,Salto in alto,Salto in alto/HJ DONNE,https://www.fidal.it/risultati/2024/REG33658/Risultati/Gara126.html
REG33658,Nuovo,,Salto in lungo,Salto in lungo/LJ DONNE,https://www.fidal.it/risultati/2024/REG33658/Risultati/Gara128.html
REG33658,Nuovo,,Salto in lungo,Salto in lungo ALLIEVE,https://www.fidal.it/risultati/2024/REG33658/Risultati/Gara228.html
REG33658,Nuovo,,Salto triplo,Salto triplo ALLIEVI,https://www.fidal.it/risultati/2024/REG33658/Risultati/Gara229.html
REG33658,Nuovo,,Peso 7.260Kg,Peso kg 7.260 UOMINI,https://www.fidal.it/risultati/2024/REG33658/Risultati/Gara031.html
REG33658,Nuovo,,Peso 6.000Kg,Peso kg 6 JUNIORES UOMINI,https://www.fidal.it/risultati/2024/REG33658/Risultati/Gara032.html
REG33658,Nuovo,,Peso 5.000Kg,Peso kg 5 ALLIEVI,https://www.fidal.it/risultati/2024/REG33658/Risultati/Gara033.html
REG33658,Nuovo,,Peso 4.000Kg,Peso kg 4 DONNE,https://www.fidal.it/risultati/2024/REG33658/Risultati/Gara131.html
REG33658,Nuovo,,Peso 3.000Kg,Peso kg 3 ALLIEVE,https://www.fidal.it/risultati/2024/REG33658/Risultati/Gara231.html
REG33671,Nuovo,,Salto in lungo,Salto in Lungo ASSOLUTI FEMMINILI,https://www.fidal.it/risultati/2024/REG33671/Risultati/Gara100.html
REG33671,Nuovo,,Salto in lungo,Salto in lungo ASSOLUTI MASCHILI,https://www.fidal.it/risultati/2024/REG33671/Risultati/Gara200.html
REG33674,Nuovo,,60 Hs h76,60Hs H76-8.50 ALLIEVE,https://www.fidal.it/risultati/2024/REG33674/Risultati/Gara100.html
REG33674,Nuovo,,60 Hs h84,60Hs H84-8.50 JUNIORES-PROMESSE-SENIORES FEMMINILI,https://www.fidal.it/risultati/2024/REG33674/Risultati/Gara101.html
REG33674,Nuovo,,60m,60 metri ASSOLUTI FEMMINILI,https://www.fidal.it/risultati/2024/REG33674/Risultati/Gara102.html
REG33674,Nuovo,,60 Hs h91,60Hs H91-9.14 ALLIEVI,https://www.fidal.it/risultati/2024/REG33674/Risultati/Gara200.html
REG33674,Nuovo,,60 Hs h100,60Hs H100 JUNIORES MASCHILI,https://www.fidal.it/risultati/2024/REG33674/Risultati/Gara201.html
REG33674,Nuovo,,60 Hs h106,60Hs H106 PROMESSE-SENIORES MASCHILI,https://www.fidal.it/risultati/2024/REG33674/Risultati/Gara202.html
REG33674,Nuovo,,60m,60 metri ASSOLUTI MASCHILI,https://www.fidal.it/risultati/2024/REG33674/Risultati/Gara203.html
REG33674,Nuovo,,Salto triplo,Salto triplo ASSOLUTI FEMMINILI,https://www.fidal.it/risultati/2024/REG33674/Risultati/Gara103.html
REG33674,Nuovo,,Salto triplo,Salto triplo ASSOLUTI MASCHILI,https://www.fidal.it/risultati/2024/REG33674/Risultati/Gara204.html
REG33673,Nuovo,,60 Hs h76,60Hs H76-8.50 ALLIEVE,https://www.fidal.it/risultati/2024/REG33673/Risultati/Gara100.html
REG33673,Nuovo,,60 Hs h84,60Hs H84-8.50 JUNIORES-PROMESSE-SENIORES FEMMINILI,https://www.fidal.it/risultati/2024/REG33673/Risultati/Gara101.html
REG33673,Nuovo,,60m,60 metri ASSOLUTI FEMMINILI,https://www.fidal.it/risultati/2024/REG33673/Risultati/Gara102.html
REG33673,Nuovo,,60 Hs h91,60Hs H91-9.14 ALLIEVI,https://www.fidal.it/risultati/2024/REG33673/Risultati/Gara200.html
REG33673,Nuovo,,60 Hs h100,60Hs H100 JUNIORES MASCHILI,https://www.fidal.it/risultati/2024/REG33673/Risultati/Gara201.html
REG33673,Nuovo,,60 Hs h106,60Hs H106 PROMESSE-SENIORES MASCHILI,https://www.fidal.it/risultati/2024/REG33673/Risultati/Gara202.html
REG33673,Nuovo,,60m,60 metri ASSOLUTI MASCHILI,https://www.fidal.it/risultati/2024/REG33673/Risultati/Gara203.html
REG33673,Nuovo,,Salto in alto,Salto in alto ASSOLUTI FEMMINILI,https://www.fidal.it/risultati/2024/REG33673/Risultati/Gara103.html
REG33673,Nuovo,,Salto in alto,Salto in alto ASSOLUTI MASCHILI,https://www.fidal.it/risultati/2024/REG33673/Risultati/Gara204.html
REG33675,Nuovo,,Salto con l'asta,Salto con l'asta,https://www.fidal.it/risultati/2024/REG33675/Risultati/Gara100.html
REG34024,Vecchio,,1500m,1500m Uomini,https://www.fidal.it/risultati/2024/REG34024/Gara111.htm
REG34024,Vecchio,,50m,50m Uomini,https://www.fidal.it/risultati/2024/REG34024/Gara156.htm
REG34024,Vecchio,,50 Hs h91,50 Hs H91 Allievi,https://www.fidal.it/risultati/2024/REG34024/Gara158.htm
REG34024,Vecchio,,50 Hs h100,50 Hs H100 Juniores Uomini,https://www.fidal.it/risultati/2024/REG34024/Gara159.htm
REG34024,Vecchio,,50 Hs h106,50 Hs H106 Uomini,https://www.fidal.it/risultati/2024/REG34024/Gara160.htm
REG34024,Vecchio,,1500m,1500m Donne,https://www.fidal.it/risultati/2024/REG34024/Gara211.htm
REG34024,Vecchio,,50m,50m Donne,https://www.fidal.it/risultati/2024/REG34024/Gara256.htm
REG34024,Vecchio,,50 Hs h76,50 Hs H76 Allieve,https://www.fidal.it/risultati/2024/REG34024/Gara258.htm
REG34024,Vecchio,,50 Hs h84,50 Hs H84 Donne,https://www.fidal.it/risultati/2024/REG34024/Gara259.htm
REG34024,Vecchio,,50m,50m Master Uomini,https://www.fidal.it/risultati/2024/REG34024/Gara356.htm
REG34024,Vecchio,,50 Hs Master,50 Hs H84 SM60-65,https://www.fidal.it/risultati/2024/REG34024/Gara358.htm
REG34024,Vecchio,,50m,50m Master Donne,https://www.fidal.it/risultati/2024/REG34024/Gara456.htm
REG34024,Vecchio,,50 Hs Master,50 Hs H76 SF40-45,https://www.fidal.it/risultati/2024/REG34024/Gara458.htm
REG34024,Vecchio,,50 Hs Master,50 Hs H76 SF50-55,https://www.fidal.it/risultati/2024/REG34024/Gara460.htm
REG34024,Vecchio,,Peso Master,Peso Master Uomini,https://www.fidal.it/risultati/2024/REG34024/Gara331.htm
REG34024,Vecchio,,Peso Master,Peso Master Donne,https://www.fidal.it/risultati/2024/REG34024/Gara431.htm
REG34025,Vecchio,,200m,200m Uomini,https://www.fidal.it/risultati/2024/REG34025/Gara104.htm
REG34025,Vecchio,,400m,400m Uomini,https://www.fidal.it/risultati/2024/REG34025/Gara106.htm
REG34025,Vecchio,,800m,800m Uomini,https://www.fidal.it/risultati/2024/REG34025/Gara108.htm
REG34025,Vecchio,,3000m,3000m Uomini,https://www.fidal.it/risultati/2024/REG34025/Gara113.htm
REG34025,Vecchio,,200m,200m Donne,https://www.fidal.it/risultati/2024/REG34025/Gara204.htm
REG34025,Vecchio,,400m,400m Donne,https://www.fidal.it/risultati/2024/REG34025/Gara206.htm
REG34025,Vecchio,,800m,800m Donne,https://www.fidal.it/risultati/2024/REG34025/Gara208.htm
REG34025,Vecchio,,3000m,3000m Donne,https://www.fidal.it/risultati/2024/REG34025/Gara213.htm
REG34025,Vecchio,,Peso 5.000Kg,Peso Kg 5.000 Allievi,https://www.fidal.it/risultati/2024/REG34025/Gara131.htm
REG34025,Vecchio,,Peso 7.260Kg,Peso Kg 7.260 Uomini,https://www.fidal.it/risultati/2024/REG34025/Gara133.htm
REG34025,Vecchio,,Peso 3.000Kg,Peso Kg 3.000 Allieve,https://www.fidal.it/risultati/2024/REG34025/Gara231.htm
REG34025,Vecchio,,Peso 4.000Kg,Peso Kg 4.000 Donne,https://www.fidal.it/risultati/2024/REG34025/Gara232.htm
